season,category,rank,player,slug,headshot_id,Comb,Asst,Solo,Sck
2025,tackles,1,Jordyn Brooks,jordyn-brooks,mgg8dnwaoqrzpgmzyah7,183,84,96,3.5
2025,tackles,2,Jack Campbell,jack-campbell-3,gxyqaufhu1wgnomrm8ic,176,87,87,5
2025,tackles,3,Devin White,devin-white,oqv87a7jn67zgnlplnbp,174,79,90,2.5
2025,tackles,4,Cedric Gray,cedric-gray,y5zs5kaw54mz5cyajpbw,164,67,94,1
2025,tackles,5,Bobby Wagner,bobby-wagner,msulezmb9dk3klpgymoj,162,83,75,4.5
2025,tackles,6,Carson Schwesinger,carson-schwesinger,ga2yg6qhxs12sqo6jvfz,157,90,58,2.5
2025,tackles,7,Nick Bolton,nick-bolton,pgkezol12laags229maz,154,81,69,1
2025,tackles,8,Jamien Sherwood,jamien-sherwood,mbax9jdlzp7cxh0hyuow,154,83,68,2
2025,tackles,9,Blake Cashman,blake-cashman,mvui8tjkoewkupyncbok,144,83,60,2
2025,tackles,10,Demario Davis,demario-davis,xfig8nml2gmofychoe3z,143,79,61,0.5
2025,tackles,11,Bobby Okereke,bobby-okereke,q5gc9nwmikqcyza7m3ku,143,65,75,1
2025,tackles,12,Foye Oluokun,foye-oluokun,ldsewkhf1k2uxwcud0bj,143,74,68,1
2025,tackles,13,Alex Singleton,alex-singleton,majblawsimvtv3k2xd6j,135,81,52,1
2025,tackles,14,Nate Landman,nate-landman,w44rpubxjijvxv0pkfnh,132,68,62,2.5
2025,tackles,15,Roquan Smith,roquan-smith,hfsdx9xzvyknsdm7bysy,130,54,74,0
2025,tackles,16,Tyrel Dodson,tyrel-dodson,ssfyc6yarlegh112xeoa,129,57,70,5
2025,tackles,17,Quay Walker,quay-walker,bqhumgranhitojob30mp,128,70,54,2.5
2025,tackles,18,Ernest Jones,ernest-jones-2,zn0pz6okty7vbj5ryryt,126,66,58,0.5
2025,tackles,19,Germaine Pratt,germaine-pratt,genaletbuldhonkf0zlc,126,59,66,0
2025,tackles,20,Payton Wilson,payton-wilson,zgvgobg9xpibsa2sofyw,126,52,73,2
2025,tackles,21,Jordan Battle,jordan-battle,iydwxwxig8e2godjx070,125,63,60,0
2025,tackles,22,Devin Bush,devin-bush,yn9buon12abtkbrm9cqm,125,62,61,2
2025,tackles,23,Zaire Franklin,zaire-franklin,k59qf7qnigqhlxw2652h,125,63,60,2
2025,tackles,24,Zack Baun,zack-baun,dhostt4bqph1utq56oxc,123,59,63,3.5
2025,tackles,25,Kam Curl,kamren-curl,b57yoekpyop58abtiilz,122,43,75,2
2025,tackles,26,Christian Rozeboom,christian-rozeboom,zuetviyilmxazi5dhts2,122,63,56,2
2025,tackles,27,Budda Baker,budda-baker,tpr5aphfvgckzecyr5rd,120,63,54,0.5
2025,tackles,28,Dane Belton,dane-belton,iiss6ltg2ajuabrisoqw,120,60,60,2
2025,tackles,29,Nick Cross,nick-cross,kk6rwopeqnomepo0lc9f,120,48,70,2.5
2025,tackles,30,Patrick Queen,patrick-queen,hvbmd1y24q3eoky2jl8i,120,64,55,1
2025,tackles,31,Edgerrin Cooper,edgerrin-cooper,acedii0jqmzxqm5lqtn8,118,55,61,0.5
2025,tackles,32,Chamarri Conner,chamarri-conner,fzzbwoogfbowestdz7gz,117,42,73,2
2025,tackles,33,Akeem Davis-Gaither,akeem-davis-gaither,cxiu4fzpikl8lhpvooza,117,66,50,0
2025,tackles,34,Eric Wilson,eric-wilson,xp5tifhe6rxrdz4rsm2f,115,55,56,6.5
2025,tackles,35,Jeremy Chinn,jeremy-chinn,qdvollzto5i4xs6q9gov,114,51,62,1
2025,tackles,36,Lavonte David,lavonte-david,gicyoxodiwdzvybrzddk,114,53,59,3.5
2025,tackles,37,Tremaine Edmunds,tremaine-edmunds,oel5uugavzbyitnjlw7f,112,51,57,1
2025,tackles,38,Nick Scott,nick-scott,rxmve4vvejz6looxumrw,111,47,63,0
2025,tackles,39,Kaden Elliss,kaden-elliss,lndj0awmhdulawkcjgua,107,48,57,3.5
2025,tackles,40,Xavier McKinney,xavier-mckinney,qhxnlik9ekqnbuxqbvpz,107,53,52,1
2025,tackles,41,Barrett Carter,barrett-carter,jdzoxrmno9l5qytgz0iv,106,53,51,0
2025,tackles,42,Talanoa Hufanga,talanoa-hufanga,i1jjyltv64sihzzrr04t,106,39,67,2
2025,tackles,43,Demetrius Knight Jr.,demetrius-knight-jr,j9eequyosorm1p9zc5gx,106,48,55,3
2025,tackles,44,Kyle Hamilton,kyle-hamilton,cshtattblpge9ngjve9a,105,46,59,1
2025,tackles,45,Geno Stone,geno-stone,sgf49brnj161yst22imt,104,39,64,2
2025,tackles,46,Azeez Al-Shaair,azeez-al-shaair,s03mktbhybon2whnvytl,103,55,48,0
2025,tackles,47,Daiyan Henley,daiyan-henley,jl1rn08ci17wub2xok8a,103,49,52,3.5
2025,tackles,48,Ronnie Hickman Jr.,ronnie-hickman-jr,ds24p7j86p9mwshsjvbu,103,52,51,0
2025,tackles,49,Tre'von Moehrig,trevon-moehrig,cyprwi2vzj1a3oitgseo,103,38,60,3
2025,tackles,50,Drue Tranquill,drue-tranquill,l8faaklzbj7o6moxy0di,103,48,52,2
2025,tackles,51,SirVocea Dennis,sirvocea-dennis,jcqpqpizmzp5fotauj38,101,35,61,3
2025,tackles,52,Malachi Moore,malachi-moore,ftgqzch3vvsodlhud39f,101,45,56,0
2025,tackles,53,Dee Winters,dee-winters,xlebnylgre4ogpnnl4na,101,34,64,0
2025,tackles,54,Tykee Smith,tykee-smith,thib1riuixa3whhe6ohv,100,39,60,2
2025,tackles,55,Evan Williams,evan-williams,g3utgsouys3kewppbnb5,100,52,46,0
2025,tackles,56,Quan Martin,jartavius-martin,mqvepjtbymevlwn2c7qj,99,47,52,0
2025,tackles,57,Jessie Bates,jessie-bates,eego6d6svadhqg1dyacg,98,41,56,0
2025,tackles,58,Robert Spillane,robert-spillane,xdchysme8chq50omxcui,97,49,47,1
2025,tackles,59,Drake Thomas,drake-thomas,rmsrwh97imnsmq3lw1xm,96,49,45,3.5
2025,tackles,60,Xavier Watts,xavier-watts,kfq1ekzcnannihp8qatc,96,37,57,0
2025,tackles,61,Alex Anzalone,alex-anzalone,ltqvhzvqdxxtl1phtrgi,95,43,52,2.5
2025,tackles,62,Jalen Thompson,jalen-thompson,dlsbnnvfzsmnqh3c05ah,95,37,57,1
2025,tackles,63,Henry To'oTo'o,henry-to-oto-o,epsdr0zqlm2vrhizwama,95,53,42,2.5
2025,tackles,64,Tatum Bethune,tatum-bethune,l2s0tyb8yoet0rohrik5,94,55,37,1
2025,tackles,65,Christian Elliss,christian-elliss,yprcwubcfyocxn2pwpf8,94,55,37,0
2025,tackles,66,Derwin James,derwin-james,z9au0ajgcwoeozfdu0ec,94,44,49,2
2025,tackles,67,Jaquan Brisker,jaquan-brisker-x6231,ng47khcomgkkfrmelstp,93,41,50,1
2025,tackles,68,Teddye Buchanan,teddye-buchanan,ktowwliocunqxlxfznev,93,44,44,0.5
2025,tackles,69,Kevin Byard,kevin-byard,b11d1p9hvxgvobcqaiud,93,32,58,0
2025,tackles,70,Cooper DeJean,cooper-dejean,aifrssmqxtoiydq9r1uo,93,29,63,0
2025,tackles,71,Antoine Winfield Jr.,antoine-winfield-jr,wn2vlv6eyc9str0ak0fx,93,40,53,1
2025,tackles,72,Isaiah McDuffie,isaiah-mcduffie,fjcqgmefc4u0plwp92mq,92,45,46,1
2025,tackles,73,Isaiah Pola-Mao,isaiah-pola-mao,iv2fsbkqbciaglpqrlbd,92,34,57,0
2025,tackles,74,Shemar James,shemar-james,bpuq0wagps3hcsl0clff,91,51,40,1.5
2025,tackles,75,Kamari Lassiter,kamari-lassiter,uu606e3mutdzuzclkl7w,91,29,57,0
2025,tackles,76,Jeremy Reaves,jeremy-reaves,kwmtxcogvel516q4ws86,91,34,53,1
2025,tackles,77,Alohi Gilman,alohi-gilman,hjfezaosf4mpowfzltjt,90,40,49,0
2025,tackles,78,Elandon Roberts,elandon-roberts,niydmsknfdiu1zyivwso,90,48,40,0
2025,tackles,79,Grant Delpit,grant-delpit,p1pfbn04h6myuuvvgvgr,89,41,45,3
2025,tackles,80,Daxton Hill,dax-hill,onw9ijbhtrdvjqpi0toh,88,31,56,0
2025,tackles,81,Jalen Ramsey,jalen-ramsey,pjozgun3xstol72jfoow,88,35,51,3
2025,tackles,82,Tyson Campbell,tyson-campbell,qhtmkkoqakioplm2vfrw,87,33,54,0
2025,tackles,83,Frankie Luvu,frankie-luvu,a42s7i0njohztuhxz13p,86,44,40,3
2025,tackles,84,Josh Metellus,josh-metellus,gmb2ahv4eq0jphammw2h,86,44,40,0.5
2025,tackles,85,Cole Bishop,cole-bishop,kjvkuqb6ghv0ydbsoows,85,32,52,2
2025,tackles,86,Bryan Cook,bryan-cook,xxpisha7qj3jkovuprcs,85,35,49,0
2025,tackles,87,Mike Sainristil,mike-sainristil,eftoaweovfwayhiyjg6q,85,34,50,0
2025,tackles,88,Omar Speights,omar-speights,tbz3cgrfkc8yjsxkjhxe,85,40,43,0
2025,tackles,89,Kamren Kinchens,kamren-kinchens,fnxdjnzzmmihkv0p2efc,84,28,54,0
2025,tackles,90,Malaki Starks,malaki-starks,lqdlc7railysoycjeny9,84,35,48,0
2025,tackles,91,Andrew Wingard,andrew-wingard,lueoe3vqsknnvax0gnmf,84,39,43,0
2025,tackles,92,Reed Blankenship,reed-blankenship,qbrxcx1jmwabwtdwco3o,83,30,53,0
2025,tackles,93,Javon Bullard,javon-bullard,wmpfeci7b5hm44zkjgvb,83,34,47,0
2025,tackles,94,Alontae Taylor,alontae-taylor,avogci7ghtzxoxdcdtnx,83,24,58,2
2025,tackles,95,Quincy Williams,quincy-williams,ukxxxlah4iappss0ro9e,83,38,43,3.5
2025,tackles,96,Minkah Fitzpatrick,minkah-fitzpatrick,z733r4dwebhrqeeihy0e,82,23,57,1
2025,tackles,97,Upton Stout,upton-stout,k5fypo0f9ctrs9dfvcyw,82,39,43,1
2025,tackles,98,Byron Young,byron-young-2,dwybonqyn3rrvi94yw9r,82,37,44,12
2025,tackles,99,Cody Barton,cody-barton,gdsui5swyoiuqadewwob,81,44,34,1
2025,tackles,100,Camryn Bynum,camryn-bynum,rncq5z5bfhigx2atid7k,81,31,47,1
2025,tackles,101,Nick Emmanwori,nick-emmanwori,pmy1sehsvo596a7si0i0,81,25,55,2.5
2025,tackles,102,Jack Gibbens,jack-gibbens,cbl2jymi5wc5wxctu1es,81,38,41,1
2025,tackles,103,Amani Hooker,amani-hooker,h2jriwibpvmgdc33zsjc,81,23,58,1
2025,tackles,104,Devin Lloyd,devin-lloyd,hbva85h6axjaiiiiwjfv,81,46,33,1.5
2025,tackles,105,"Kenneth Murray, Jr.",kenneth-murray,up14o9gpznxgcvc5xtqh,81,43,38,1
2025,tackles,106,Pete Werner,pete-werner,uhwx126ajhgmovxxlphm,81,31,49,2
2025,tackles,107,Jihaad Campbell,jihaad-campbell,njvl2eabvfekcqqa4jmq,80,36,42,0
2025,tackles,108,Riley Moss,riley-moss,o8jxuxi7vqa9kxt0rawn,80,23,57,1
2025,tackles,109,Jonas Sanker,jonas-sanker,pq0uzqjisndztl1ru3oa,80,34,45,0
2025,tackles,110,Nahshon Wright,nahshon-wright,pma5y3ixotctzzyqxygd,80,26,50,0
2025,tackles,111,Craig Woodson,craig-woodson,ufnmu9eujiuydbihx4gu,79,37,41,0
2025,tackles,112,Derrick Barnes,derrick-barnes-2,bh66oqiavycebvryiy96,78,38,40,4
2025,tackles,113,Cameron Heyward,cameron-heyward,vfql05jp29d2pltrlwqz,78,40,36,3.5
2025,tackles,114,Brandon Jones,brandon-jones-3,vsc57i9kmaaquegceqtt,78,35,42,0.5
2025,tackles,115,Tyler Nubin,tyler-nubin,wu3phjekllc6yybgarbl,78,29,47,0
2025,tackles,116,Jack Jones,jack-jones-2,ah12ltwvgwl9few2ktqj,77,28,49,0
2025,tackles,117,Ji'Ayir Brown,ji-ayir-brown,gmgewszcsvxdb63dmqby,76,32,43,0
2025,tackles,118,Kool-Aid McKinstry,kool-aid-mckinstry,n0yip0zx9i25jbwugzmo,76,17,58,0
2025,tackles,119,Malik Mustapha,malik-mustapha,pufbixooejmh540h5qhi,76,32,42,0
2025,tackles,120,Jacob Parrish,jacob-parrish,xspc6ojezhpflx0jorx4,76,26,50,2
2025,tackles,121,Cody Simon,cody-simon,spyk3s7fvbcbz7vj32sg,76,46,29,0.5
2025,tackles,122,Nate Wiggins,nate-wiggins,fz9g7jofrkejlgowugfk,76,19,57,0
2025,tackles,123,Brian Branch,brian-branch,zcri8hzscyasi2nhjdlk,75,27,46,2.5
2025,tackles,124,Jalen Pitre,jalen-pitre,brjf4opiqlbzp5q0wjcj,74,31,41,0
2025,tackles,125,Paulson Adebo,paulson-adebo,yft8adxhq7go3eqd8d9k,73,17,55,0
2025,tackles,126,DaRon Bland,daron-bland,z07adznf3gtvfusy8azb,73,28,44,0
2025,tackles,127,Derrick Brown,derrick-brown,xgaxvkpcxh41dyttf3sb,73,40,32,5
2025,tackles,128,Maxx Crosby,maxx-crosby-x6606,r9gqe3lrjstj55ydljhk,73,28,42,10
2025,tackles,129,Divine Deablo,divine-deablo,epymgfknvbi0vbygiv4j,73,35,36,1
2025,tackles,130,Brandon Stephens,brandon-stephens-3,t0nxkzyr4wnpanuxjxhg,73,26,46,0
2025,tackles,131,Jordan Davis,jordan-davis,zkvksjepfrmpdwdph1ps,72,38,32,4.5
2025,tackles,132,Keisean Nixon,keisean-nixon,ousxob0dqjxxmcalq8aa,72,14,55,0
2025,tackles,133,Justin Reid,justin-reid,ysi7vrkwfhei6adamgb3,72,35,37,0.5
2025,tackles,134,Devon Witherspoon,devon-witherspoon,po6rkbe4pjei7hycg2nu,72,24,48,0.5
2025,tackles,135,Jaylinn Hawkins,jaylinn-hawkins,wll7vcwwhv4izv6klkg6,71,26,44,1.5
2025,tackles,136,Byron Murphy,byron-murphy,secfzfwznyhcgiow4rvq,71,23,48,0
2025,tackles,137,Donovan Wilson,donovan-wilson,fl10d0bhrvfrqkjamcgp,71,32,39,0
2025,tackles,138,Jordan Poyer,jordan-poyer,jv5ibhkljw1u9knlwqzy,70,39,31,0.5
2025,tackles,139,Logan Wilson,logan-wilson,yricskcpoyoucmgfauek,70,36,33,0
2025,tackles,140,Carlton Davis III,carlton-davis,pzbrbbwgymysharir2ms,69,30,38,0
2025,tackles,141,Christian Gonzalez,christian-gonzalez,iua1eh08ixdlgp2qisst,69,15,53,0
2025,tackles,142,Jonathan Allen,jonathan-allen,pkrndcps9i443i4wyshq,68,39,28,3.5
2025,tackles,143,Marlon Humphrey,marlon-humphrey,zru6ellib9fzob6zq5c3,68,15,52,1
2025,tackles,144,Mike Jackson,mike-jackson,ohcl41cpchr9fjoktlj6,68,14,52,0
2025,tackles,145,A.J. Terrell,a-j-terrell,plww5syeocezywkpgpmg,68,19,49,0
2025,tackles,146,Brian Burns,brian-burns,glmrmpqkmsc0jiyicmlg,67,28,39,16.5
2025,tackles,147,T.J. Edwards,t-j-edwards,tqu3uz4nzkcq4crcepj3,67,34,33,0.5
2025,tackles,148,Dee Alford,deaundre-ford,mgi0d5fd1huslr3kfqg1,67,12,55,2
2025,tackles,149,Matt Milano,matt-milano,ikmvrrbegypwn8wejcge,67,31,34,3.5
2025,tackles,150,Jeffery Simmons,jeffery-simmons,lt545qfibz7n9jlqyqov,67,28,37,11
2025,tackles,151,Coby Bryant,coby-bryant,kfojqisbt4anuiecraw5,66,27,37,0
2025,tackles,152,C.J. Gardner-Johnson,chauncey-gardner-johnson,pvzkbh5j3zlna7pkywx6,66,20,45,3
2025,tackles,153,B.J. Hill,b-j-hill,t5d3t2wt1goqgv5njdqa,66,37,29,4
2025,tackles,154,Andru Phillips,andru-phillips,kh3iigah1t49ywg0scb9,66,17,47,0
2025,tackles,155,Isaiah Rodgers,isaiah-rodgers,ukadn9uyrajapqo6gxuj,66,19,46,0
2025,tackles,156,Trenton Simpson,trenton-simpson,hoi5uajg40os0xa1odi9,66,32,32,2.5
2025,tackles,157,Dallas Turner,dallas-turner,k9buimhpd1q6la5pdxs3,66,37,29,8
2025,tackles,158,Terrel Bernard,terrel-bernard,rhs6gmpfig52ziimyzls,65,21,39,0
2025,tackles,159,Ashtyn Davis,ashtyn-davis,e0ppdz8rxegnsmgkj31q,65,22,41,0
2025,tackles,160,Marcus Jones,marcus-jones-2,eteesniqc4caawrpbfuh,65,18,44,2
2025,tackles,161,Zyon McCollum,zyon-mccollum,tx9thnuxhb2uqzbl0dgb,65,20,45,0
2025,tackles,162,Ty Okada,ty-okada,dpnc6udwdhtrsq898nec,65,19,45,1.5
2025,tackles,163,A'Shawn Robinson,a-shawn-robinson,xmh5jhuoelkynsubtjrz,65,44,21,2.5
2025,tackles,164,Mekhi Blackmon,mekhi-blackmon,wrzakzdbmugca60xbidc,64,14,50,1
2025,tackles,165,Calen Bullock,calen-bullock,dp7ntdi5yxyhikjjsojs,64,20,43,0
2025,tackles,166,Jaylen Watson,jaylen-watson,vxmoq9pwno4z14gldecd,64,22,42,2
2025,tackles,167,Jevon Holland,jevon-holland,z5pg2azijnijyvqexm4r,63,25,38,0
2025,tackles,168,Trent McDuffie,trent-mcduffie,xaq30zfwnliekwqzoank,63,18,45,1
2025,tackles,169,Reddy Steward,reddy-steward,e7fvszuuhvqn17ruftl0,63,23,39,1.5
2025,tackles,170,Dorian Williams,dorian-williams,fsslbcbp87yehsofpwg1,63,34,28,0
2025,tackles,171,Rasul Douglas,rasul-douglas,f2ac9dmdbhc6rvgllcbt,62,25,33,1
2025,tackles,172,Byron Murphy II,byron-murphy-ii,xeq70yetr8qznbkjjiye,62,40,21,7
2025,tackles,173,David Onyemata,david-onyemata,tl0jr4mxarpbmvu3tho9,62,33,28,1
2025,tackles,174,Ivan Pace Jr.,ivan-pace-jr,til1eiumoueha3mnindj,62,28,30,1
2025,tackles,175,Jalen Redmond,jalen-redmond,y4m9ssdlqb8i7zgmo7tl,62,29,30,6
2025,tackles,176,E.J. Speed,e-j-speed,lpqe7elzi8tbt8rjzozd,62,29,31,0
2025,tackles,177,Leonard Williams,leonard-williams,jhaogtinjeyrwbjsvbl4,62,29,32,7
2025,tackles,178,Quentin Lake,quentin-lake,qktbfevtbxiyrw9ekk72,61,24,35,1
2025,tackles,179,Deommodore Lenoir,deommodore-lenoir,ozfx4033owzfliip24v2,61,22,36,0
2025,tackles,180,Trevin Wallace,trevin-wallace,qzhtopwswjprt2marbaa,61,25,36,2
2025,tackles,181,Myles Garrett,myles-garrett,y2d1lvpgfarfv76hjcqm,60,17,40,23
2025,tackles,182,Renardo Green,renardo-green,g1au1f2gkeo8wbexmvpk,60,24,36,0
2025,tackles,183,Harrison Phillips,harrison-phillips,znophhdzukalwuwsx6vx,60,38,22,0.5
2025,tackles,184,Mack Wilson,mack-wilson,zjazfilpr7k2agiwqpxn,60,26,31,0
2025,tackles,185,Kyle Dugger,kyle-dugger,azhrudd22sxdaxaiwy2k,59,30,29,1
2025,tackles,186,Noah Sewell,noah-sewell,sw5wea1zlc1drxoisej0,59,26,32,0
2025,tackles,187,Dadrion Taylor-Demerson,dadrion-taylor-demerson,w4wcod46hxptpseyi6o3,59,27,31,0
2025,tackles,188,Tommy Togiai,tommy-togiai,wwcsyhxr0fsthd6g7yyo,59,32,25,1.5
2025,tackles,189,Leo Chenal,leo-chenal,vjl1lsaotcqcxkhm2std,58,33,25,2
2025,tackles,190,Troy Dye,troy-dye,gfdhupqzscbwdyhvowq4,58,30,26,1
2025,tackles,191,Antonio Johnson,antonio-johnson-3,rrxemukb8b2to7ba2g56,58,21,37,2
2025,tackles,192,Justin Strnad,justin-strnad,mlrmzoeod0ocotxp2nam,58,35,21,4.5
2025,tackles,193,Jared Verse,jared-verse,cpa5qqc59ndeg6timqmf,58,23,31,7.5
2025,tackles,194,Carl Granderson,carl-granderson,bhudfgndbvogastdhvb7,57,22,32,6
2025,tackles,195,Tony Jefferson,tony-jefferson,frazimtiuk4fsvlghusz,57,20,36,0
2025,tackles,196,Taron Johnson,taron-johnson,ga88tpaiiaafgcecjboi,57,23,34,0
2025,tackles,197,Tyrice Knight,tyrice-knight,xqi0rvphhoj5tca0wod2,57,20,34,2
2025,tackles,198,Shaq Thompson,shaq-thompson,rk9qairtsyrzdoznvmen,56,23,33,1
2025,tackles,199,Ja'Quan McMillian,ja-quan-mcmillian,kpgabuesfqci0swbrkem,56,16,40,4
2025,tackles,200,Chau Smith-Wade,chau-smith-wade,hkbpogql05pnyegi6itv,56,13,43,0
2025,tackles,201,Darrell Baker Jr.,darrell-baker-jr,qz4bicahmuowtpiesehf,55,16,38,0
2025,tackles,202,Nakobe Dean,nakobe-dean,cyowdu41yhyzblsz2aam,55,25,30,4
2025,tackles,203,Adoree' Jackson,adoree-jackson,jtskiyzkosuajjatls72,55,15,40,0
2025,tackles,204,Kenny Moore II,kenny-moore,ji3hdoi86xonnhxlr6gl,55,21,34,1.5
2025,tackles,205,Isaiah Oliver,isaiah-oliver,kkjrgyvwont6cdbhu9y2,55,26,29,0
2025,tackles,206,Grover Stewart,grover-stewart,hevbchcmeeujuwjcyjqv,55,32,21,0.5
2025,tackles,207,Dante Trader Jr.,dante-trader-jr,nffbi3a32ngmczzvxcz0,55,26,28,0
2025,tackles,208,T.J. Watt,t-j-watt,aywegy4gpj1d32vrl67u,55,32,21,7
2025,tackles,209,Will Anderson Jr.,will-anderson-jr,ar9k2r2btzzb10zc0xja,54,19,31,12
2025,tackles,210,Danielle Hunter,danielle-hunter,l4qdgo10becu0f3zgmyj,54,26,28,15
2025,tackles,211,Aidan Hutchinson,aidan-hutchinson,gmeczjok2lmjftb6mfof,54,18,35,14.5
2025,tackles,212,Josh Jobe,joshua-jobe,df0ybhz5czunkbhgdefc,54,13,39,0.5
2025,tackles,213,Jordan Magee,jordan-magee,smdokbnjckcbpc9yfxwt,54,23,31,0
2025,tackles,214,Eric Murray,eric-murray,azsral4artrpwkjhh7cy,54,22,30,1
2025,tackles,215,Harrison Smith,harrison-smith,kadw1bk0cxsarjrwbdrq,54,17,37,1
2025,tackles,216,Andrew Van Ginkel,andrew-van-ginkel,vbpdlib647tcpzz59wyt,54,26,25,7
2025,tackles,217,Jarvis Brownlee Jr.,jarvis-brownlee-jr,u9vm18mpoxmzhukikjy2,53,18,33,0
2025,tackles,218,DeMarcus Lawrence,demarcus-lawrence,yo0w88bzr0s9qrnmadeq,53,29,23,6
2025,tackles,219,Ifeatu Melifonwu,ifeatu-melifonwu,ftt7jc1nr0hmf1xmzyh2,53,22,30,1
2025,tackles,220,Jaelan Phillips,jaelan-phillips,mgufa4byoe8onfjsuiq1,53,24,27,5
2025,tackles,221,Tarheeb Still,tarheeb-still,q1y35mhd4laqikbiuq5e,53,16,36,0
2025,tackles,222,Eric Stokes,eric-stokes-3,q7fnhbnyadsru3swpgdf,53,18,33,0
2025,tackles,223,Danny Stutsman,danny-stutsman,zgjiw9cotus8gjlvspx2,53,28,25,0
2025,tackles,224,Montez Sweat,montez-sweat,lmaq9dyixaolzxleqb5e,53,17,31,10
2025,tackles,225,Quinnen Williams,quinnen-williams,lijqxjhytjakehnusgmn,53,27,25,2.5
2025,tackles,226,Javon Hargrave,javon-hargrave,lfk4hghl74egnyztqxbn,52,34,18,3.5
2025,tackles,227,Malik Hooker,malik-hooker,qxcbwkhiboobkz1xj68c,52,24,25,0
2025,tackles,228,Jalyx Hunt,jalyx-hunt,uymi2mf5vbfkxopurlby,52,24,27,6.5
2025,tackles,229,Elijah Molden,elijah-molden,hz9saur2at7u0n9nl9ly,52,24,27,0
2025,tackles,230,Myles Murphy,myles-murphy,byrxunn2xpvxelbxlnh5,52,24,27,5.5
2025,tackles,231,Greg Newsome II,greg-newsome-ii,zyfy3onrys9i6ounvai8,52,11,39,0
2025,tackles,232,Joey Porter Jr.,joey-porter-jr,pcan3dqynqusx1ltmecf,52,17,34,1
2025,tackles,233,Amik Robertson,amik-robertson,giptmuhxwq2ugaaettbg,52,9,42,0
2025,tackles,234,Marques Sigle,marques-sigle,cr3ojzklas5uqwc2vbfh,52,24,28,0
2025,tackles,235,Tedarrell Slaton,tj-slaton,oktzavt6whxgvr6ukmhl,52,33,18,3
2025,tackles,236,Keeanu Benton,keeanu-benton,gmc2bdwzpvi0bkklmpjw,51,26,25,5.5
2025,tackles,237,Montaric Brown,montaric-brown,jslgwquwwlbotxr8f1jz,51,8,43,0
2025,tackles,238,Chuck Clark,chuck-clark,zysqspeckaavbcyduzmz,51,20,29,0
2025,tackles,239,Mike Hughes,mike-hughes,tncrybucqelrcrsgumds,51,11,38,0
2025,tackles,240,Jonah Laulu,jonah-laulu,kxxw0cwdafdxbsvh5un9,51,27,21,4
2025,tackles,241,Jaylen McCollough,jaylen-mccollough,g4k2pwpoyaethnwwerpy,51,15,35,2
2025,tackles,242,Darius Muasau,darius-muasau,howdtlbkf2poenfnyejl,51,27,23,1
2025,tackles,243,Lathan Ransom,lathan-ransom,gg0ztjfsso4y7yx4fxfb,51,30,21,1
2025,tackles,244,Fred Warner,fred-warner,zmse3qgt0x2mqiuiuiu7,51,23,27,0
2025,tackles,245,Adam Butler,adam-butler,lhf00svlch3ueul8msuq,50,30,19,1
2025,tackles,246,Jonathon Cooper,jonathon-cooper,rzjdnsaz0sfs9v4xetov,50,27,21,8
2025,tackles,247,Yaya Diaby,yaya-diaby,bwd4lm9x9djpggqdyyhr,50,21,27,7
2025,tackles,248,Alex Highsmith,alex-highsmith,vfi0umrpljsc0cn3vqle,50,14,36,9.5
2025,tackles,249,Colby Wooden,colby-wooden,vexyqlme1a5f74sqktzs,50,24,24,0
2025,tackles,250,Tony Adams,tony-adams-4,bhgovss7uhkszgbrfxd6,49,18,30,1
2025,tackles,251,Josh Hines-Allen,josh-hines-allen,q8vaxyizpzrlwlhsthvl,49,21,26,8
2025,tackles,252,Denzel Burke,denzel-burke,ertjghbr5dldlhzml7jh,49,15,33,0
2025,tackles,253,Mohamoud Diabate,mohamoud-diabate,to8prswizs9iqvpqqbay,49,28,21,0
2025,tackles,254,Mason Graham,mason-graham,fizf7lkmgqhpg9o8vu92,49,21,26,0.5
2025,tackles,255,Jarrian Jones,jarrian-jones,zauu0tt26tt32qevyvtm,49,14,33,0
2025,tackles,256,Harold Landry III,harold-landry,u4vo0zlxvsph3annhc4f,49,22,26,8.5
2025,tackles,257,Tyrique Stevenson,tyrique-stevenson,l0xpg0hpxsepfootn0sq,49,13,35,0
2025,tackles,258,Tuli Tuipulotu,tuli-tuipulotu,u2qqrqzzi3yawzxmbrxs,49,14,32,13
2025,tackles,259,Oren Burks,oren-burks,uicl91cysjtnfqev9mjt,48,31,17,0
2025,tackles,260,Brandin Echols,brandin-echols,igkzt4tpxbb3lfcbfnzw,48,14,34,1
2025,tackles,261,Dennis Gardeck,dennis-gardeck,wmk2eix7vcc9aglty2ga,48,20,27,2.5
2025,tackles,262,Cam Hart,cam-hart,khd8lmp7idmluahgvk3u,48,11,37,0
2025,tackles,263,George Karlaftis,george-karlaftis,deudgtxl8ofjcz8zpzzi,48,23,23,6
2025,tackles,264,Kobie Turner,kobie-turner,lallpvcrevuemqxzmyuu,48,24,23,7
2025,tackles,265,Nohl Williams,nohl-williams,pf22yjk2vhk7gc6ogh8z,48,18,29,1
2025,tackles,266,DeForest Buckner,deforest-buckner,kww3dh6mlqepwp26wxeo,47,17,30,4
2025,tackles,267,Bradley Chubb,bradley-chubb,k65yb752vk1uq7sweetl,47,23,24,8.5
2025,tackles,268,Poona Ford,poona-ford,emckafsx5psbs9pjhhpe,47,28,17,2
2025,tackles,269,Myles Harden,myles-harden,ycg3egdmvp3kelvkiqrl,47,19,25,0
2025,tackles,270,Theo Jackson,theo-jackson,bn0zvntbfmhw7yki2xr4,47,25,21,2
2025,tackles,271,Travis Jones,travis-jones,wm1f5uddgq3xmivgmrkz,47,27,17,5
2025,tackles,272,Cameron Jordan,cameron-jordan,eauqz3xbdtl0wfoy71da,47,15,29,10.5
2025,tackles,273,Denzel Perryman,denzel-perryman,n3oqbsrycbe0nwdwblez,47,17,27,0
2025,tackles,274,Chris Rumph II,chris-rumph-ii,ayrvlbmyxlvek7afcioc,47,23,23,2
2025,tackles,275,Nic Scourton,nic-scourton,urx4ncr2up987hovqjlr,47,27,19,5
2025,tackles,276,Nathan Shepherd,nathan-shepherd,sl9b2jgyvmo5yn0vglok,47,24,22,3
2025,tackles,277,Zach Sieler,zach-sieler,s5sel5udu4qvmi9jgryz,47,18,28,5.5
2025,tackles,278,Pat Surtain II,patrick-surtain-ii,soec8zk3n5jvxvywq1gm,47,10,37,0
2025,tackles,279,Rock Ya-Sin,rock-ya-sin,llibqv3euvevt5m4ftnj,47,20,26,0
2025,tackles,280,Nik Bonitto,nik-bonitto,azxinmsmz9kacbwfdfex,46,15,30,14
2025,tackles,281,Jamel Dean,jamel-dean,i14xz1t5kffhey7aas39,46,8,38,1
2025,tackles,282,Andrew Mukuba,andrew-mukuba,eurn0h9z78sclv1eq5jp,46,19,24,0.5
2025,tackles,283,Daron Payne,daron-payne,fyaqgxzjicgbmrethav3,46,26,19,3
2025,tackles,284,D.J. Reed,d-j-reed,haxt1fpxhgnobin0d5sx,46,9,36,0
2025,tackles,285,Greg Rousseau,gregory-rousseau,bezzackpgrvijtqh6hta,46,22,23,7
2025,tackles,286,Garrett Williams,garrett-williams,av20qv7vnk7arcnw25bd,46,21,25,0
2025,tackles,287,Jamal Adams,jamal-adams,plodzh6kwjvhpo2mf3ie,45,15,28,1
2025,tackles,288,Emmanuel Forbes,emmanuel-forbes,zuqfigu7eadzoeo0uymt,45,13,32,0
2025,tackles,289,Rashan Gary,rashan-gary,ew8xw9vqpcmeily0m3fk,45,20,25,7.5
2025,tackles,290,Rayshawn Jenkins,rayshawn-jenkins,e3tppqrhd6bpipfn2k4z,45,26,19,0
2025,tackles,291,Laiatu Latu,laiatu-latu,xiuokdmqrzzfn0dseqxw,45,18,25,8.5
2025,tackles,292,Francisco Mauigoa,francisco-mauigoa,e9v5ipktxb3yepsq0abj,45,29,16,0
2025,tackles,293,Quinyon Mitchell,quinyon-mitchell,hfhzawkrobxrfuohtp50,45,10,35,0
2025,tackles,294,Thomas Booker,thomas-booker,awrlnfwnvv3ehlnbe4cp,44,28,16,0
2025,tackles,295,Gervon Dexter Sr.,gervon-dexter,vj6m4qixxhqmufrr5ilo,44,23,20,6
2025,tackles,296,Osa Odighizuwa,osa-odighizuwa,qselmahxlopzx8spnchw,44,28,15,3.5
2025,tackles,297,Chidobe Awuzie,chidobe-awuzie,o7hb0bwvyuymmsknlubx,43,14,29,0
2025,tackles,298,Christian Benford,christian-benford,kxucquiz77lhp8rn1nni,43,11,31,2
2025,tackles,299,Calais Campbell,calais-campbell,ekkaync0yveo2cwxlljr,43,20,21,6.5
2025,tackles,300,Abdul Carter,abdul-carter,tfchuu4khsh6jarotqga,43,18,23,4
2025,tackles,301,Tyler Davis,tyler-davis-4,ych0dv47y4jomyxybenf,43,29,14,1
2025,tackles,302,Davon Godchaux,davon-godchaux,mldp5xpbggcf9iacij1s,43,29,14,0
2025,tackles,303,Dre Greenlaw,dre-greenlaw-x9042,jtvcc2vtczop90dkl4wd,43,28,15,1
2025,tackles,304,D'Marco Jackson,d-marco-jackson,bwbialh78nao9svr8jqn,43,25,18,1
2025,tackles,305,Jermaine Johnson II,jermaine-johnson-ii,jj3gmudznyutylbkkqbu,43,21,21,3
2025,tackles,306,Dre'Mont Jones,dre-mont-jones,srvoexno6ilcwzm11vgv,43,24,18,7
2025,tackles,307,Javon Kinlaw,javon-kinlaw,jxqkukux4rgfpp5eekyo,43,19,24,0
2025,tackles,308,Cam Lewis,cam-lewis,daximpzohtbyuaxvak82,43,10,33,0
2025,tackles,309,Joseph Ossai,joseph-ossai,ornl2j2dyfvtma6eiozd,43,22,19,5
2025,tackles,310,Darius Robinson,darius-robinson-2,hctx4lm0ru8shpgb4vkc,43,28,13,1
2025,tackles,311,Levi Drake Rodriguez,levi-drake-rodriguez,omsedg4telmr0fvhhegj,43,24,18,2
2025,tackles,312,Jaden Hicks,jaden-hicks,kg90d5bciznpqbpafke4,42,13,29,0.5
2025,tackles,313,Darien Porter,darien-porter-2,gnds1mpnqkorwzagcoau,42,13,29,0
2025,tackles,314,Curtis Robinson,curtis-robinson,yzam37nstuqvqm0cgzmv,42,23,18,0
2025,tackles,315,Jahlani Tavai,jahlani-tavai,srlewkb9utcfby1x0bhh,42,21,20,0
2025,tackles,316,D.J. Wonnum,d-j-wonnum,ajj965d0f6fmtfprrsgo,42,23,19,3
2025,tackles,317,Markquese Bell,markquese-bell,wdantov1g2bbtjf4chpx,41,21,19,0
2025,tackles,318,Andre Cisco,andre-cisco,sdk8jvmv30mvetujj7bs,41,15,25,0
2025,tackles,319,Jadeveon Clowney,jadeveon-clowney,iururnv6x8iuzepggwvt,41,17,21,8.5
2025,tackles,320,Mike Green,mike-green-5,dh7h3ratc2xd1xed7efh,41,24,15,3.5
2025,tackles,321,Malik Harrison,malik-harrison,kzsfzm1m9ekyqtulq9ot,41,16,24,0
2025,tackles,322,Jonathan Jones,jonathan-jones,dtvgbbw3jqdekkq155hl,41,11,30,1
2025,tackles,323,Sebastian Joseph-Day,sebastian-joseph-day,y9ic1jqwhgcy75hdnptt,41,19,18,2
2025,tackles,324,Micah Parsons,micah-parsons,euivq1hqslszdxjo9xyr,41,22,17,12.5
2025,tackles,325,Jason Pinnock,jason-pinnock,l8c9lidz6spvjrp1v831,41,14,27,0
2025,tackles,326,Malcolm Roach,malcolm-roach,oxcd8veodm7hkiualglu,41,26,14,4
2025,tackles,327,Dondrea Tillman,dondrea-tillman,rqo88erhkag4dfighxdw,41,28,13,4
2025,tackles,328,Riq Woolen,tariq-woolen,aodr0vp93fzhdsff9fzj,41,8,32,0
2025,tackles,329,Jerome Baker,jerome-baker,wdo4k5bdufnhhu8izyj4,40,29,10,1.5
2025,tackles,330,Myles Bryant,myles-bryant,mslszzwcbmt6hafvvu7r,40,18,22,0
2025,tackles,331,Zaven Collins,zaven-collins,jmd2hu4swlzcpuqsln69,40,14,26,1.5
2025,tackles,332,Cobie Durant,cobie-durant,oeeeljrjnb0mvvzi6csj,40,10,29,0
2025,tackles,333,Donovan Ezeiruaku,donovan-ezeiruaku,e8ajbchys6mqj7agkqxf,40,20,19,2
2025,tackles,334,Kyu Blu Kelly,kyu-blu-kelly,jmwlrbcsuzckrohnwgdu,40,9,31,0
2025,tackles,335,DJ Turner II,dj-turner-2,nijmaqsa0uggtjzmpzgy,40,12,27,0
2025,tackles,336,Tre'Davious White,tre-davious-white,uxwbh1qimnyieywlu6ic,40,11,28,0
2025,tackles,337,Justin Eboigbe,justin-eboigbe,vayynevqkczp1ziitvkm,39,12,27,6
2025,tackles,338,Kingsley Enagbare,kingsley-enagbare,rvftdj3wurrbmoaikpxd,39,23,16,2
2025,tackles,339,Logan Hall,logan-hall,k96urywunaosfsjayoyk,39,21,17,1.5
2025,tackles,340,Grady Jarrett,grady-jarrett,cchbtgvedcufwteb6dip,39,25,14,1.5
2025,tackles,341,John Jenkins,john-jenkins,l2na4hvtcq7nfp7svxar,39,23,15,1
2025,tackles,342,D.J. Jones,d-j-jones,ft4g8bxpn85mshqvp4lj,39,18,20,3
2025,tackles,343,Jourdan Lewis,jourdan-lewis,pfd9esqxpi8xgedprdls,39,18,20,0
2025,tackles,344,Jacob Martin,jake-martin,iq7og8epwftb1wl8aghd,39,22,17,5.5
2025,tackles,345,Sam Okuayinonu,sam-okuayinonu,nbng6hhjkazvx3four5d,39,16,23,3
2025,tackles,346,Kwity Paye,kwity-paye,ejgftgdqggikc5u1xqme,39,24,14,4
2025,tackles,347,Eyioma Uwazurike,eyioma-uwazurike,xrpjuwqmhwjnovlj1kd8,39,23,15,3.5
2025,tackles,348,Deone Walker,deone-walker,cn80cdlc2ilvqpsqgx7h,39,22,15,1
2025,tackles,349,Denzel Ward,denzel-ward,mmp5gacrbeeolrsgg5wm,39,10,27,0
2025,tackles,350,Xavier Woods,xavier-woods,of7kdkfale5fnuz6u8gr,39,16,23,1
2025,tackles,351,Zach Allen,zach-allen,ywtnmev7mxnkh1yhbrgx,38,24,13,7
2025,tackles,352,Jowon Briggs,jowon-briggs,wbqozrnxtjjuf3nwv760,38,19,18,4
2025,tackles,353,DeShon Elliott,deshon-elliott,hf9qrjvja3ej77feihts,38,18,20,1
2025,tackles,354,Cordale Flott,cordale-flott,dk8b5dpa5fflut1j4ynl,38,11,25,0
2025,tackles,355,Neville Gallimore,neville-gallimore,py87zsmepp3roc7eytqf,38,20,18,3.5
2025,tackles,356,Ashton Gillotte,ashton-gillotte,bk23ynvyi8g8ppbwb764,38,24,14,1.5
2025,tackles,357,Jonathan Greenard,jonathan-greenard,z49ugsnmbfkldervsiws,38,19,17,3
2025,tackles,358,DaVon Hamilton,davon-hamilton,td7ok6b8m35zy2bnlvta,38,23,13,1
2025,tackles,359,Will Harris,will-harris,u5dy7qow1rg8c8768koq,38,16,22,1
2025,tackles,360,Ventrell Miller,ventrell-miller,gmxgq1mjnbdjjpcggamn,38,21,17,0
2025,tackles,361,Anthony Nelson,anthony-nelson,b6hjuuemwgsh8q7lmadz,38,17,21,3
2025,tackles,362,Jer'Zhan Newton,jer-zhan-newton,hgrxkwfkaiozsegi9sbp,38,17,20,5
2025,tackles,363,Moro Ojomo,moro-ojomo,pifqoqquxxvoqwah8khm,38,21,17,6
2025,tackles,364,Odafe Oweh,odafe-oweh,lxeaoe3u7srngnwlyyon,38,18,20,7.5
2025,tackles,365,Juan Thornhill,juan-thornhill,os3bpcmalytfuwosxpzj,38,15,23,0
2025,tackles,366,Travon Walker,travon-walker,hqxxsws12bmy1jyw6ocj,38,19,18,3.5
2025,tackles,367,Chase Young,chase-young,ueic3ypcpfldmbymzhrc,38,16,21,10
2025,tackles,368,Bryan Bresee,bryan-bresee,ggluxdivvc7bhfhpfrsl,37,22,14,2.5
2025,tackles,369,Thomas Harper,thomas-harper,gndkodhyidctgvcqy1bk,37,11,26,0
2025,tackles,370,Cole Holcomb,cole-holcomb,tze6n0gu18n71jassqte,37,13,24,0
2025,tackles,371,Jaycee Horn,jaycee-horn,fmqur86wgh5craixy3yd,37,11,25,0
2025,tackles,372,Will Johnson,will-johnson-5,dq3zeuqbbnztptdeas6i,37,10,24,0
2025,tackles,373,Roger McCreary,roger-mccreary,elq9ou82mtnczfos63em,37,14,23,1
2025,tackles,374,Del'Shawn Phillips,del-shawn-phillips,plnsixu8jpozw1grxuvc,37,21,16,1
2025,tackles,375,Kelee Ringo,kelee-ringo,tyuosakaiefa1pruil40,37,8,28,0
2025,tackles,376,Benjamin St-Juste,benjamin-st-juste,kaebn8lqtuhjgcoywxuz,37,15,22,0
2025,tackles,377,Sam Williams,sam-williams-4,dffnhnfk8qloazleesuj,37,14,21,1
2025,tackles,378,Alex Wright,alex-wright,rwvd1sputd9x1dziyznz,37,16,18,5.5
2025,tackles,379,Byron Young,byron-young,zkjuhizs7now7kfwp9s3,37,24,11,2.5
2025,tackles,380,Adetomiwa Adebawore,adetomiwa-adebawore,k4jeqt29qhkxivumi4d7,36,22,13,4
2025,tackles,381,Kenny Clark,kenny-clark,nigxygewltiq49894pkt,36,19,17,3
2025,tackles,382,Arnold Ebiketie,arnold-ebiketie,w5sjq8cj5tdar5ttlll7,36,19,16,2
2025,tackles,383,Tommy Eichenberg,tommy-eichenberg,nzujkx5ycu6leuz2ctie,36,15,21,0
2025,tackles,384,Sauce Gardner,sauce-gardner,h89jaonhmvvdoitmldkq,36,8,28,0
2025,tackles,385,Kris Jenkins,kris-jenkins-2,nuyy0laahr8mf5dojflu,36,18,18,1.5
2025,tackles,386,Darius Slay,darius-slay,r7dwifb7wrqvqj714dgh,36,8,28,0
2025,tackles,387,Derek Stingley Jr.,derek-stingley-jr,wkzinciyrrmsqdlda8lj,36,10,26,0
2025,tackles,388,Jalon Walker,jalon-walker,mmtinfxaeg8afpuwwudm,36,12,23,5.5
2025,tackles,389,Tershawn Wharton,tershawn-wharton,mj9xqaj2jvv5unjgxomd,36,25,10,2
2025,tackles,390,Joe Andreessen,joe-andreessen,cj03pufi2spczomlja71,35,21,12,0
2025,tackles,391,Jahdae Barron,jahdae-barron,ashvve6dr35gtgdyjo10,35,11,24,0
2025,tackles,392,JD Bertrand,jd-bertrand,pem7wfoxovov0cjuopjv,35,22,13,0
2025,tackles,393,Austin Booker,austin-booker,s5th0pr4mxfyrdrnlm79,35,16,19,4.5
2025,tackles,394,K.J. Britt,k-j-britt,q3jwsdcnxx1sqbuetd26,35,23,11,0
2025,tackles,395,Luke Gifford,luke-gifford,w1bg0aqsnbulotbxfstd,35,23,12,0
2025,tackles,396,James Houston,james-houston,zmjl8vpdr8fjeefnsnec,35,17,18,5.5
2025,tackles,397,Noah Igbinoghene,noah-igbinoghene,gnhpvwecmtmrv3clqwi1,35,13,22,1
2025,tackles,398,Uchenna Nwosu,uchenna-nwosu,eovri4ccfixdbtikxbyg,35,18,15,7
2025,tackles,399,Sheldon Rankins,sheldon-rankins,fql7vunf3y9uladcpt4r,35,20,14,3
2025,tackles,400,Shavon Revel Jr.,shavon-revel-jr,af84hncoicg65gvvainl,35,12,22,0
2025,tackles,401,Quincy Riley,quincy-riley,q4qlahpfgvbren4xt0pj,35,6,29,0
2025,tackles,402,Roy Robertson-Harris,roy-robertson-harris,gpsdbmoistqbc4dfdsak,35,16,18,0
2025,tackles,403,Tyree Wilson,tyree-wilson,ildmh1dcqbamtixdpgse,35,10,24,4
2025,tackles,404,Jalyn Armour-Davis,jalyn-armour-davis,stfweqraa3ezp6xtcqut,34,16,16,0
2025,tackles,405,Sydney Brown,sydney-brown,c9jtw4rbs1inmf2mwjlc,34,17,17,0
2025,tackles,406,Baron Browning,baron-browning,wc0wkbhogzdxgaik9fh5,34,20,13,2
2025,tackles,407,Julian Love,julian-love,l2tncxut7ssqo0ilamxq,34,11,22,1
2025,tackles,408,Jordan Phillips,jordan-phillips-2,mhntqo1e1uxl8uhqzqrk,34,26,7,0
2025,tackles,409,Christian Roland-Wallace,christian-roland-wallace,foy9ykwmm3vcqgfviowz,34,15,19,0
2025,tackles,410,Jack Sanborn,jack-sanborn,uo386zqnsqbvqzqbm7t2,34,18,15,0
2025,tackles,411,Jack Sawyer,jack-sawyer,bsfaucfu7cawckhpr73k,34,18,15,1
2025,tackles,412,Dante Stills,dante-stills,xmtckml9zzgrv1r04anq,34,17,17,0
2025,tackles,413,T'Vondre Sweat,t-vondre-sweat,hmlpzjhnttorvhshijgn,34,18,14,2
2025,tackles,414,Vita Vea,vita-vea,dbumwcqqltdqv9pxkno0,34,18,15,4.5
2025,tackles,415,Kevin Winston Jr.,kevin-winston-jr,zeai9xuvlquhwkzztbua,34,13,19,1
2025,tackles,416,Jalen Carter,jalen-carter,lzctlmzr184bc1mix5qs,33,12,19,3
2025,tackles,417,Samson Ebukam,samson-ebukam,cmoytuhhkqslhcpulq5e,33,11,21,2
2025,tackles,418,Kaiir Elam,kaiir-elam,ye7stldje2waxyyjukvw,33,11,21,0
2025,tackles,419,Demetrius Flannigan-Fowles,demetrius-flannigan-fowles,fdscbr72gkwbdwv1z4qd,33,12,18,1
2025,tackles,420,Kenneth Grant,kenneth-grant-2,toglmqxy3ymqzkcef11y,33,18,15,2
2025,tackles,421,Austin Ajiake,austin-ajiake,m5hvok66omx2blhddshk,32,19,13,0.5
2025,tackles,422,Trey Amos,trey-amos,cxabcu8nz9p6k6sqsw4t,32,13,18,0
2025,tackles,423,Claudin Cherelus,claudin-cherelus,nrqd1waoajdyblwerius,32,18,14,0
2025,tackles,424,A.J. Epenesa,a-j-epenesa,hprr0vl8ruh0veetztij,32,15,17,2.5
2025,tackles,425,Shelby Harris,shelby-harris,r1lxhltzhpkmfdocupum,32,17,12,1
2025,tackles,426,Khalil Mack,khalil-mack,t9j95jylmjpevgbkvmqn,32,13,19,5.5
2025,tackles,427,Avonte Maddox,avonte-maddox,j2guzeu1ggx5opajjl3h,32,9,23,0
2025,tackles,428,PJ Mustipher,pj-mustipher,i4ezo2duizbzysd8gmpv,32,21,11,0
2025,tackles,429,Teair Tart,teair-tart,jwqcxtrsle2q9edshwsx,32,10,22,0
2025,tackles,430,Jeremiah Trotter Jr.,jeremiah-trotter-jr,fbgpf6iqljasd4h1miw2,32,17,14,0
2025,tackles,431,Terrion Arnold,terrion-arnold,h3rbtalyoblh2szat9qc,31,8,23,0
2025,tackles,432,Deonte Banks,deonte-banks,pskti493swphojhbve0c,31,7,23,0
2025,tackles,433,Andrew Billings,andrew-billings,fh7q0h96fesyveoomjps,31,12,16,1
2025,tackles,434,Bobby Brown III,bobby-brown-iii,f3fspidlfqws3asws3gw,31,18,12,0.5
2025,tackles,435,Jamaree Caldwell,jamaree-caldwell,o6zilnte5jibvs84wshv,31,17,13,1
2025,tackles,436,K'Lavon Chaisson,k-lavon-chaisson,gc9qqj4piwlwse4spobk,31,13,18,7.5
2025,tackles,437,Jordan Elliott,jordan-elliott,zimdvramufcajq5c3noc,31,23,8,0
2025,tackles,438,Dexter Lawrence,dexter-lawrence,nhk41gu7prupza1wda8v,31,17,13,0.5
2025,tackles,439,Boye Mafe,boye-mafe,fkiu8drhb66rzmqjeg7w,31,20,11,2
2025,tackles,440,Max Melton,max-melton,xaapgpd73nebdqnztyp1,31,10,20,0
2025,tackles,441,Haason Reddick,haason-reddick,to1hxe921e7wc8rarebt,31,13,18,2.5
2025,tackles,442,Jarran Reed,jarran-reed,td7umxhgwkswls8rutk0,31,20,11,2.5
2025,tackles,443,Nolan Smith,nolan-smith,mutic3dzmrlfruwqlgcb,31,16,15,3
2025,tackles,444,Carrington Valentine,carrington-valentine,ihc2w7erwr1dddqf1i2x,31,6,25,0
2025,tackles,445,Mykal Walker,mykal-walker,s6dyb5vuiaeb0oppcf8q,31,22,9,0
2025,tackles,446,Jihad Ward,jihad-ward,btmkbywpoicg8fcgvfhc,31,16,14,5
2025,tackles,447,Kris Abrams-Draine,kris-abrams-draine,hc2oebsxs7vx7ydwiozy,30,9,21,0
2025,tackles,448,Chris Braswell,chris-braswell,bkta07rjtsatr1mmbvoj,30,9,20,1
2025,tackles,449,Quandre Diggs,quandre-diggs,kqasx5pfmin4wrk503uf,30,13,16,0
2025,tackles,450,Cory Durden,cory-durden,ov0j6k2wckanqkayqxhj,30,20,6,0
2025,tackles,451,Braden Fiske,braden-fiske,nepcpkxlqw0mvpwrgvh8,30,19,10,3
2025,tackles,452,Derick Hall,derick-hall,pblbd65bo6myp030qbes,30,19,11,2
2025,tackles,453,Nick Herbig,nick-herbig,ox9fpvzppbe9uyqvnp2q,30,9,18,7.5
2025,tackles,454,Bryce Huff,bryce-huff,pminx3vvyt9laihkxk55,30,16,13,4
2025,tackles,455,Malcolm Koonce,malcolm-koonce,cujkqhjibrywjodwgfyp,30,16,13,4.5
2025,tackles,456,Marist Liufau,marist-liufau,i81dbzylyw2mv7odmdck,30,13,17,1
2025,tackles,457,LaCale London,lacale-london,lnztywmpyzddwtm0tymo,30,13,17,5
2025,tackles,458,Roy Lopez,roy-lopez,xpaoovz7dmco8nzhtxh4,30,19,11,2
2025,tackles,459,Will McDonald IV,will-mcdonald-iv,nw8aiicw9bjhxaqwbeo9,30,11,17,8
2025,tackles,460,Isaiah McGuire,isaiah-mcguire,bgay7c5onbqadb4qjguc,30,13,13,2
2025,tackles,461,James Pierre,james-pierre,ejlisynlop21gglz3zbh,30,16,14,0
2025,tackles,462,Josh Sweat,josh-sweat,mfeq6gxl0uurxjsqdbos,30,10,19,12
2025,tackles,463,Joe Bachie,joe-bachie,xnf2vrbsglhet5fkcb9i,29,17,12,0
2025,tackles,464,Christian Barmore,christian-barmore,r2qnczxwkpqhk8is5jkv,29,14,15,2
2025,tackles,465,Zaire Barnes,zaire-barnes,jnyarp6uvues6avvg9xa,29,12,16,1
2025,tackles,466,Joey Bosa,joey-bosa,soo7a4n5mxia4iky4so8,29,12,17,5
2025,tackles,467,Da'Shawn Hand,da-shawn-hand,c2synfyorkd9gnrvv43v,29,11,16,1.5
2025,tackles,468,Ronnie Harrison,ronnie-harrison,uhybqeoqkzjgcogc3s9y,29,9,20,2
2025,tackles,469,Jordan Howden,jordan-howden,x87djeswtkpxvuvyw5xh,29,11,18,0
2025,tackles,470,Chris Jones,chris-jones,oxaqzhq5bvdoqfcvgy3g,29,14,13,7
2025,tackles,471,Deion Jones,deion-jones,fpmevebnsvfm07e7xhcu,29,13,15,0
2025,tackles,472,R.J. Mickens,r-j-mickens,ukzfqydyiezmemut0zoe,29,11,18,0
2025,tackles,473,T.J. Tampa,t-j-tampa,poanrufasprugy1q1ulq,29,8,21,0
2025,tackles,474,Milton Williams,milton-williams,z9vmyi95sty3i0u6uwld,29,14,12,3.5
2025,tackles,475,Arik Armstead,arik-armstead,z6e5xcslnlyaz2egeke3,28,15,13,5.5
2025,tackles,476,Yahya Black,yahya-black,ndy8wevnmpdrin3espb5,28,18,10,0
2025,tackles,477,Karl Brooks,karl-brooks,ymjmzn6ayhfpkdrtydyd,28,20,7,0.5
2025,tackles,478,Damone Clark,damone-clark,ffk6kh200c0f38zgzmuo,28,14,14,0
2025,tackles,479,Kalia Davis,kalia-davis,bqad9jqdvg5tis5i3vgu,28,18,10,0.5
2025,tackles,480,Jonah Elliss,jonah-elliss,f3dukr2ntse8qnsyhu3b,28,12,14,2.5
2025,tackles,481,Marcus Harris,marcus-harris-4,xwb7yigex1r2dne7yelm,28,10,17,0
2025,tackles,482,Devon Key,devon-key,efu0kj0lyprsgahy1met,28,9,19,0
2025,tackles,483,Darrell Luter Jr.,darrell-luter-jr,c7i5bj3inrno1uvjxwv4,28,11,16,0
2025,tackles,484,Charles Omenihu,charles-omenihu,epsvk3cdkn7m24ak0wsy,28,13,15,3.5
2025,tackles,485,DeMarvion Overshown,demarvion-overshown,dxo0ebmthyvvgwfqqbbj,28,13,15,0
2025,tackles,486,DJ Reader,d-j-reader,k3fzivhgxscqaprr71by,28,17,11,0
2025,tackles,487,Tavius Robinson,tavius-robinson,mmvqyuqlg73zp0jwydxr,28,13,15,4.5
2025,tackles,488,Charles Snowden,charles-snowden,lwfjnx5rgx1hanfqfnl7,28,11,16,3
2025,tackles,489,Cameron Thomas,cameron-thomas,utrucssevq1dvqtxu3eh,28,21,7,2.5
2025,tackles,490,Trevon Diggs,trevon-diggs,ktdcor3rnkwpgehtwldn,27,7,20,0
2025,tackles,491,Brandon Dorlus,brandon-dorlus,ijybsgxpvngj5wzlcupl,27,12,12,8.5
2025,tackles,492,Joe Giles-Harris,joe-giles-harris,y9vh7yn88tehcffsx90f,27,13,14,0
2025,tackles,493,Derrick Harmon,derrick-harmon-2,ogsybhwk95emepsiu0my,27,16,11,3
2025,tackles,494,Nate Hobbs,nate-hobbs,qewuemdrhzwzc9hluywm,27,13,14,0
2025,tackles,495,Marshon Lattimore,marshon-lattimore,z4npwlwl5teozc1lp8ky,27,11,15,0
2025,tackles,496,Nick McCloud,nick-mccloud,tktqsmdus8y1alse43j5,27,9,18,0
2025,tackles,497,Owen Pappoe,owen-pappoe,zv35eeyd3oxxkecrvqra,27,15,12,0
2025,tackles,498,Qwan'tez Stiggers,qwan-tez-stiggers,yiiqa5sbaclz4bvnpvul,27,10,17,0
2025,tackles,499,Solomon Thomas,solomon-thomas,zgn4b0p7ezoqdqpto9lb,27,17,8,0
2025,tackles,500,Jay Ward,jay-ward,dwljd5ukdc8pzy3l5vju,27,14,13,0
2025,tackles,501,Devonte Wyatt,devonte-wyatt,q9pxapmh1kbfsrymwbvs,27,12,15,4
2025,tackles,502,Billy Bowman Jr.,billy-bowman-jr,mbkdinv8urtidys4hfwe,26,11,15,1.5
2025,tackles,503,Jonathan Bullard,jonathan-bullard,xbebftotzf6hrqfrfnah,26,14,9,0
2025,tackles,504,Johnathan Edwards,johnathan-edwards,hvshzsyqwcqqtfdltrpu,26,7,19,0
2025,tackles,505,Eddie Goldman,eddie-goldman,o0kwpqywuicbketxfbck,26,16,8,0
2025,tackles,506,Dylan Horton,dylan-horton,tshgju7vbpqdj84bbkfl,26,15,11,0.5
2025,tackles,507,Anfernee Jennings,anfernee-jennings,zgnsugvthxpb48ulv89u,26,11,14,2
2025,tackles,508,Von Miller,von-miller,cqkgo6uw5ha7bjajkewf,26,10,16,9
2025,tackles,509,Benjamin Morrison,benjamin-morrison,oshm9xdskhlubtb7keyy,26,7,18,0
2025,tackles,510,James Pearce Jr.,james-pearce-jr,iw7gq1kiprdcsomewxuh,26,9,17,10.5
2025,tackles,511,Mike Pennel,mike-pennel,ezpbko1gvvdrrtqhkhnu,26,18,7,0
2025,tackles,512,Taylor Rapp,taylor-rapp,olasn9vezmd1uvomkpws,26,9,17,0
2025,tackles,513,L'Jarius Sneed,l-jarius-sneed,nsynaztffdtywelcfch2,26,8,17,0
2025,tackles,514,Juanyeh Thomas,juanyeh-thomas,qelzpivpkpwghq6aeozg,26,12,14,0
2025,tackles,515,Dalvin Tomlinson,dalvin-tomlinson,r3vkktytoghvtrua64hg,26,13,12,1
2025,tackles,516,James Williams,james-williams-8,r31rpfa1ju3bqddeuhom,26,4,21,1
2025,tackles,517,Isaac Yiadom,isaac-yiadom,yshnc3lfpcams5ropegx,26,7,18,0
2025,tackles,518,Kei'Trel Clark,kei-trel-clark,mcmz4ef4fvvoqapbf8rf,25,8,17,0
2025,tackles,519,Maliek Collins,maliek-collins,tjyv74ytq62fprrfnjrv,25,10,14,6.5
2025,tackles,520,Michael Danna,michael-danna,brbpgu0xj2w0egcy5pid,25,17,7,1
2025,tackles,521,Shaun Dolac,shaun-dolac,hqgtyx8usody1lywex4a,25,9,14,0
2025,tackles,522,Clelin Ferrell,clelin-ferrell-x4864,rit24n5qbvlrxdv6w9fq,25,12,13,4
2025,tackles,523,John Franklin-Myers,john-franklin-myers,ixfyxejxsfgffbgd7in2,25,13,12,7.5
2025,tackles,524,Jaylen Harrell,jaylen-harrell,tlijnhz6kshuwcnjha1m,25,11,13,4.5
2025,tackles,525,Christian Izien,christian-izien,mgnzlvalqatapemmfbao,25,9,16,0
2025,tackles,526,Lonnie Johnson,lonnie-johnson,qdkpfoodqaly3jypouwm,25,11,14,0
2025,tackles,527,James Lynch,james-lynch-2,mmgzvvsxc3nffzkzyidq,25,11,12,0.5
2025,tackles,528,Marte Mapu,marte-mapu,iulfjo62qs1q2uec0rxu,25,7,18,0
2025,tackles,529,Cooper McDonald,cooper-mcdonald,uuogsrg8u8cewevs0fxi,25,15,9,0
2025,tackles,530,Al-Quadin Muhammad,al-quadin-muhammad,wlookhzmglrxdjx43l8n,25,10,15,11
2025,tackles,531,Ruke Orhorhoro,ruke-orhorhoro,oeufrmiwlvyce7vggwrx,25,13,11,3.5
2025,tackles,532,Troy Reeder,troy-reeder,laiuwnorvmneuwvav61k,25,8,17,0
2025,tackles,533,Isaiah Stalbird,isaiah-stalbird,g3vz4uuympfirjuvbr2r,25,13,12,2
2025,tackles,534,M.J. Stewart,m-j-stewart,ks5w5s7jghanmslipbfs,25,10,15,0
2025,tackles,535,Kayvon Thibodeaux,kayvon-thibodeaux,zva5gqbt2nauteuxlcao,25,12,12,2.5
2025,tackles,536,Charvarius Ward,charvarius-ward,x2fesww60ua3fkxk2lyc,25,8,17,0
2025,tackles,537,Darious Williams,darious-williams,nzrgn9doxy57s7si8uyf,25,7,17,0
2025,tackles,538,Dorance Armstrong,dorance-armstrong,iccauovlxlztcx36jitr,24,8,15,5.5
2025,tackles,539,Michael Carter II,michael-carter-ii,a7yskzasxy1hjvyqql1t,24,12,9,0
2025,tackles,540,Ty'Ron Hopper,ty-ron-hopper,taqdlsfufqh99ucbl5zm,24,14,9,0
2025,tackles,541,Donte Jackson,donte-jackson,ptrcpfheqfuuyiqexmsq,24,8,16,0
2025,tackles,542,Elijah Ponder,elijah-ponder-2,g9d7riu8zsysuaqbqpjc,24,10,14,4
2025,tackles,543,Preston Smith,preston-smith,etcwpdjr7xtc4gubw8gf,24,16,8,0.5
2025,tackles,544,Khyiris Tonga,khyiris-tonga,qawteneplarbtnworkic,24,15,8,0
2025,tackles,545,Princely Umanmielen,princely-umanmielen,rqdqyoypjti8cg2weguu,24,11,13,1.5
2025,tackles,546,Tycen Anderson,tycen-anderson,bcj31sdowvuw6gqh5zzj,23,13,10,0
2025,tackles,547,Krys Barnes,krys-barnes,xgq5wwfuk5s2frsx0ha0,23,17,5,0.5
2025,tackles,548,Trikweze Bridges,trikweze-bridges,vmjfea3sm8cg0hrlibgj,23,6,17,0
2025,tackles,549,Jordan Burch,jordan-burch,e1l9bvbtlmy2ea7izknj,23,18,5,1
2025,tackles,550,Greg Gaines,greg-gaines,zo3aqstf8ng4tju17tid,23,11,11,2
2025,tackles,551,Jason Marshall Jr.,jason-marshall-jr,chf1ow0awwha9hrcoqxc,23,9,13,0
2025,tackles,552,Keyon Martin,keyon-martin,kuvtqhos7jfzxbvykdrh,23,2,20,1
2025,tackles,553,Marcelino McCrary-Ball,marcelino-mccrary-ball,fs8k5b7zyglt1zg9q5zd,23,12,11,0
2025,tackles,554,Rakeem Nunez-Roches,rakeem-nunez-roches,udm7hafj1u08xj2blkta,23,17,6,3
2025,tackles,555,Tremon Smith,tremon-smith,pva3iicdybaabrrws0sg,23,10,13,0
2025,tackles,556,Dawuane Smoot,dawuane-smoot,gmwsx9fddqfaqsm6dx0a,23,13,10,2
2025,tackles,557,Daniel Thomas,daniel-thomas-2,qbw8gam5wiinqegq213p,23,13,10,0
2025,tackles,558,Tavierre Thomas,tavierre-thomas,uhnxkxxitwkhjwgf2egu,23,12,11,0
2025,tackles,559,Joshua Uche,josh-uche,dtuiphmwezecyapeyefe,23,9,13,1
2025,tackles,560,Kendell Brooks,kendell-brooks,ophgu4atah9skksi1kws,22,11,11,0
2025,tackles,561,Terrell Burgess,terrell-burgess,fx86rlxeudmniz1btxrq,22,12,10,0
2025,tackles,562,Micheal Clemons,micheal-clemons,kzhxrfgymul56cld8omq,22,13,8,1
2025,tackles,563,Cameron Goode,cameron-goode,f8azhstrxgcphfi3evto,22,14,7,0
2025,tackles,564,Erick Hallett,erick-hallett,hnpxgdu65sr9w51rkp6g,22,10,12,0
2025,tackles,565,Jordan Hancock,jordan-hancock,ursfrg83sovz52fo6oeh,22,13,9,0
2025,tackles,566,Daniel Hardy,daniel-hardy-2,z0xxyyeoreq9hcnvllfv,22,15,7,0
2025,tackles,567,Zach Harrison,zach-harrison,jph76ryj7fn3yqi5c2yg,22,13,9,4.5
2025,tackles,568,DaQuan Jones,daquan-jones,w7qkicdj6v0figbmfp0u,22,11,10,3
2025,tackles,569,Arden Key,arden-key,mcd06fmoc92zmekuyxeg,22,13,9,4
2025,tackles,570,Trevor Nowaske,trevor-nowaske,m65qtbao0n91lg4gprrp,22,13,9,1
2025,tackles,571,Josaiah Stewart,josaiah-stewart-2,epzy8ucs3mt2qgxhuolw,22,9,12,3
2025,tackles,572,Azareye'h Thomas,azareye-h-thomas,yects9qe1kkzkmiunvok,22,9,13,0
2025,tackles,573,Joe Tryon-Shoyinka,joe-tryon-shoyinka,it6wkxysejicc83azqkd,22,12,10,0
2025,tackles,574,Derek Barnett,derek-barnett,eh9ienpeakbbr9mw4vlm,21,8,12,5
2025,tackles,575,Marcus Epps,marcus-epps,mlmepu3ng2uaqlo4sqhx,21,3,18,0
2025,tackles,576,Darren Hall,darren-hall,hc9vwsdsfelwxfxxeasb,21,13,8,0
2025,tackles,577,Jalyn Holmes,jalyn-holmes,hostnk8byovbecbtdea7,21,16,5,0
2025,tackles,578,Tyler Lacy,tyler-lacy,k0vshmovqi55f4nwuiaf,21,15,6,1
2025,tackles,579,Bam Martin-Scott,bam-martin-scott,fvfw5drjy4cxaotvve69,21,14,7,0
2025,tackles,580,Dayo Odeyingbo,dayo-odeyingbo,h0brx6vrdusdxl6fkxgv,21,12,9,1
2025,tackles,581,Chop Robinson,chop-robinson,qcf7mpwkznoaqj6viijj,21,11,10,4
2025,tackles,582,Ben Skowronek,ben-skowronek,etozk8ja4u8lpjcvvo6l,21,10,11,0
2025,tackles,583,Kentavius Street,kentavius-street,svrbvbjq34qrfuqohfkf,21,10,11,2
2025,tackles,584,Ja'Sir Taylor,ja-sir-taylor,lzlwu2xb6ohzqddbo7mi,21,9,12,0
2025,tackles,585,Cam Taylor-Britt,cam-taylor-britt,zco7tr0hv4kxfytolltt,21,9,12,0
2025,tackles,586,Rodney Thomas,rodney-thomas-4,rmch7ilcol08gczhpwp6,21,7,13,0
2025,tackles,587,Marlowe Wax,marlowe-wax,jolfhevlffwbwy6xbmu3,21,10,11,0
2025,tackles,588,CJ West,cj-west,tf5wceyqvcyapj2owfcm,21,9,11,1
2025,tackles,589,Darius Alexander,darius-alexander,upwtqewimo1hydyqwznv,20,11,9,3.5
2025,tackles,590,Zeek Biggers,zeek-biggers,etcgr7pzpzk17xfjeqeb,20,14,6,1.5
2025,tackles,591,Jack Cochrane,jack-cochrane,oayygmhoisjcedhuqm23,20,13,7,0
2025,tackles,592,Kitan Crawford,kitan-crawford,puy0uqictbwcojpkmmrr,20,9,11,0
2025,tackles,593,Jalen Davis,jalen-davis,lspbj6tc3afry1certf6,20,13,7,1
2025,tackles,594,Willie Gay Jr.,willie-gay-jr,vf0j6vpgfr1vg5wsd7uh,20,10,10,2
2025,tackles,595,Chauncey Golston,chauncey-golston,zgkpz7ctgzyjxxa2zzqe,20,7,12,1
2025,tackles,596,Cedric Johnson,cedric-johnson,yi5naoq2xpx34pwpt25y,20,9,10,2
2025,tackles,597,Rayuan Lane III,rayuan-lane-iii,emzamsuwuuxtpw4natjw,20,8,12,0
2025,tackles,598,Dell Pettus,dell-pettus,irmi15lyy3l28z6s0wgx,20,9,11,1
2025,tackles,599,Brevyn Spann-Ford,brevyn-spann-ford,sko2pmuqociwa92ep1ad,20,11,9,0
2025,tackles,600,Jerry Tillery,jerry-tillery,cyu9a5fqoidiujclm8dy,20,12,8,1.5
2025,tackles,601,Kyle Van Noy,kyle-van-noy,kxj2hipcguahh4l60vaa,20,8,12,2
2025,tackles,602,Josh Wallace,josh-wallace,rl9xt27qup1xfmv1h1gc,20,2,18,0
2025,tackles,603,Mykel Williams,mykel-williams,jas5em3i7xswbtoqr6qz,20,9,10,1
2025,tackles,604,Carson Bruener,carson-bruener,xtklcumklpj2uytkbd6r,19,12,7,0
2025,tackles,605,Leonard Floyd,leonard-floyd,hmojdd6skft3sfhs59ma,19,13,5,3.5
2025,tackles,606,Mike Ford,mike-ford,b3k1q0kl0mc7d0t8xkka,19,7,12,0
2025,tackles,607,Kylen Granson,kylen-granson,ysbxmdw4da30q3kjb571,19,9,10,0
2025,tackles,608,Jake Hansen,jake-hansen,i0pe7wrwhctzokn1kurk,19,8,11,0
2025,tackles,609,Elijah Hicks,elijah-hicks,derzi6ubb6maw5nokejr,19,10,9,0
2025,tackles,610,Darnay Holmes,darnay-holmes,b1iqudcchkj9bevv6fwo,19,6,13,0
2025,tackles,611,Matthew Judon,matt-judon,xio1oo9c8qwfrouppuvk,19,10,8,0
2025,tackles,612,Cameron Mitchell,cameron-mitchell,zzaqyr81r6bzhvcdss3b,19,5,13,0
2025,tackles,613,Patrick O'Connell,patrick-o-connell,s5wok0ocqr8yc86xhucm,19,11,8,1
2025,tackles,614,Larry Ogunjobi,larry-ogunjobi,gt0gj15hsswookg40d39,19,9,10,0
2025,tackles,615,Jonathan Owens,jonathan-owens,myxiqs2nqxdlw2pi8rbd,19,10,9,0
2025,tackles,616,Dominique Robinson,dominique-robinson,nalbxnwyiyh32j3g6fml,19,7,11,1.5
2025,tackles,617,Brenden Schooler,brenden-schooler,ntothfpaj3iifvsqelzg,19,8,11,0
2025,tackles,618,Grant Stuard,grant-stuard,n4pxuecujgacthcoxgql,19,13,5,0
2025,tackles,619,Brent Urban,brent-urban,acp4qzscazxskq9efwnf,19,12,7,0.5
2025,tackles,620,Lukas Van Ness,lukas-van-ness,qxrs2r7nvy9k6hlkqvyb,19,7,12,1.5
2025,tackles,621,Korie Black,korie-black,dz0nqspvvzxslk9lxji6,18,11,6,0
2025,tackles,622,Alijah Clark,alijah-clark,sr5sjigohu5fufu4yxm7,18,9,9,0
2025,tackles,623,C.J. Goodwin,c-j-goodwin,txvnf4ecxcgg5heclsit,18,8,10,0
2025,tackles,624,Maxwell Hairston,maxwell-hairston,we3enqymnmzrfabz8srg,18,4,14,0
2025,tackles,625,Antonio Hamilton,antonio-hamilton,jucipnhasypnasymoqxf,18,6,12,0
2025,tackles,626,Jacob Hummel,jake-hummel,merkvyg5qcq6ykgsqqyb,18,9,8,0
2025,tackles,627,Jaylon Jones,jaylon-jones-2,y5qayiucpnco15btyppy,18,5,13,0
2025,tackles,628,Kerby Joseph,kerby-joseph,jairg6uh8wzsvw6fmtpx,18,4,14,0
2025,tackles,629,PJ Jules,pj-jules,ypmhoannzlvxolhoalkc,18,8,9,0
2025,tackles,630,Mike Morris,mike-morris-2,m1zqwqvge656lwucmx5h,18,7,11,0
2025,tackles,631,Sam Roberts,sam-roberts,lpeonw4s0htacobg1qa4,18,12,6,1
2025,tackles,632,Darnell Savage,darnell-savage,oahujzgwcvkeyc9qpqrb,18,8,10,0
2025,tackles,633,Keion White,keion-white,wkq3kmgtrqxsndffclam,18,11,6,1.5
2025,tackles,634,Jonah Williams,jonah-williams-2,z91cumnpgkedyfl29jk3,18,10,7,3
2025,tackles,635,Tyleik Williams,tyleik-williams,emppyzljgfew4i1qmdhb,18,10,8,1
2025,tackles,636,Nick Bosa,nick-bosa,c7grjmvod7lnrfz4ordx,17,8,9,2
2025,tackles,637,Caelen Carson,caelen-carson,hcwdub8jq0t7at4smblo,17,5,12,0
2025,tackles,638,Julius Chestnut,julius-chestnut,bkhv6hpjogvs5b31wwrs,17,7,10,0
2025,tackles,639,Alfred Collins,alfred-collins,m3gpcjsylxoysk9m9n7w,17,13,4,1
2025,tackles,640,Thomas Incoom,thomas-incoom,rcrh2zr9mxex16czv1eo,17,8,8,0
2025,tackles,641,D.J. Ivey,d-j-ivey,bgycp6whsc4bd61aumsq,17,7,10,0
2025,tackles,642,Jaylon Johnson,jaylon-johnson,ooazlgwwseozyduthxn6,17,2,14,0
2025,tackles,643,Chris Lammons,chris-lammons,odsa5adl0tyjcer1hnzz,17,3,14,0
2025,tackles,644,Fabian Moreau,fabian-moreau,osj1pbe8mj5f7h47l2op,17,4,13,0
2025,tackles,645,Siran Neal,siran-neal,bwesbjwrbjpycetidb2q,17,11,6,0
2025,tackles,646,Amen Ogbongbemiga,amen-ogbongbemiga,liyabetbezsk9lvuuphd,17,12,5,0
2025,tackles,647,Cameron Sample,cameron-sample,jt2s0db4sognkfwjmzhg,17,8,9,2
2025,tackles,648,Javon Solomon,javon-solomon,sjftmvhxpsr0zvtqywnt,17,6,11,1
2025,tackles,649,Jaylahn Tuimoloau,jt-tuimoloau,cxkxb1csogr9v773tdib,17,11,6,0
2025,tackles,650,Bud Dupree,bud-dupree,cooz0t9nynyj7cfe1gac,16,7,9,2
2025,tackles,651,Kristian Fulton,kristian-fulton,p2mzp2kljdubgj6sgzau,16,4,11,0
2025,tackles,652,Trey Hendrickson,trey-hendrickson,ck1pofe4hwbbowzhb8uh,16,5,11,4
2025,tackles,653,Shaka Heyward,shaka-heyward,ygoj2vwazi6dsg2bnwpt,16,12,4,0
2025,tackles,654,Jaylon Jones,jaylon-jones,wdcshvjrfqw2ocj3vtvj,16,7,9,0
2025,tackles,655,P.J. Locke,p-j-locke,fzkqg3cd4aa4sfjy4rlx,16,7,9,0
2025,tackles,656,Derrick Nnadi,derrick-nnadi,ebicyogss0j86zd8cpwi,16,6,10,0
2025,tackles,657,Dare Ogunbowale,dare-ogunbowale,bsm0k0jkytuiej2riudv,16,8,8,0
2025,tackles,658,David Ojabo,david-ojabo,rnsae4ly9l4xzuszzfdi,16,9,7,0.5
2025,tackles,659,Jabrill Peppers,jabrill-peppers,ibsp6bicwpzoghc9mofe,16,9,6,0
2025,tackles,660,T.J. Sanders,t-j-sanders,wxkk01nfridtywdbl86z,16,9,7,1
2025,tackles,661,Danny Striggow,danny-striggow,lcyhsnmb991cgvwthcy0,16,10,6,0.5
2025,tackles,662,Kindle Vildor,kindle-vildor,ep3iocz1qboqkcj16aoc,16,5,11,0
2025,tackles,663,Zayne Anderson,zayne-anderson,j8agcdgo4ezgvn4vhw7u,15,10,5,0
2025,tackles,664,Jeffrey Bassa,jeffrey-bassa,tckcuuegqdkzkglz6ywg,15,9,6,0
2025,tackles,665,D'Anthony Bell,d-anthony-bell,ckont3gxmlaebwbbkplr,15,9,5,0.5
2025,tackles,666,Ethan Bonner,ethan-bonner,zfylu04usdezofligghl,15,8,6,0
2025,tackles,667,Joshua Farmer,joshua-farmer,euamsvbjrgz3i0difj1b,15,8,6,0
2025,tackles,668,Dante Fowler Jr.,dante-fowler,cp6ao2rf9siswpzctpt9,15,5,10,3
2025,tackles,669,BJ Green II,bj-green-ii,ozs0yiy8cfhwplbjdgnd,15,9,6,2
2025,tackles,670,Josh Hayes,josh-hayes,qytktb1ertsh8rzwq08k,15,8,7,0
2025,tackles,671,Travis Hunter,travis-hunter,absw1gfqoiztajjagmf6,15,4,10,0
2025,tackles,672,Adin Huntington,adin-huntington,zqevui8ikmsi20blzgot,15,8,7,0.5
2025,tackles,673,Benito Jones,benito-jones,wulhvruud7jvwljxpjjh,15,9,5,1
2025,tackles,674,Kevin Knowles,kevin-knowles,xkgx12iv1iqeygpifh9l,15,5,10,0
2025,tackles,675,Hunter Luepke,hunter-luepke,m28qafff4o5vb3aaumiv,15,10,5,0
2025,tackles,676,Braiden McGregor,braiden-mcgregor,tc4o7s8ocmov9dbmjq16,15,8,7,1
2025,tackles,677,Donovan McMillon,donovan-mcmillon-2,xxpttzs5lhbmc7phnxli,15,9,6,1
2025,tackles,678,Josh Newton,josh-newton,hhgmda9fcpjbpp2bhxng,15,3,12,0
2025,tackles,679,Emmanuel Ogbah,emmanuel-ogbah,uaj08gf9lrokgxgrbgcn,15,9,4,0.5
2025,tackles,680,Basil Okoye,basil-okoye,g0bc8uf6fx9g6myyswi5,15,8,7,0
2025,tackles,681,Tim Settle,tim-settle,pfxye4tf9lojvyeud1d9,15,9,6,1
2025,tackles,682,Keidron Smith,keidron-smith,bmidsctpakth58pe4axu,15,8,7,0
2025,tackles,683,Maason Smith,maason-smith,eskiw0i3z6cashics66w,15,11,4,0
2025,tackles,684,Barryn Sorrell,barryn-sorrell,gemsbocowxpzwb9mkv1y,15,8,7,1.5
2025,tackles,685,Brycen Tremayne,brycen-tremayne,isc094ihkf69vzrlkiql,15,10,5,0
2025,tackles,686,Shy Tuttle,shy-tuttle,lcio402os2qzxmchbvvw,15,8,7,0
2025,tackles,687,Tyrus Wheat,tyrus-wheat,krmcu6sltcvyy6ddisn7,15,8,7,1.5
2025,tackles,688,Robert Beal Jr.,robert-beal-jr,clzzji0rtncdzzxhtpux,14,11,3,0
2025,tackles,689,Christian Braswell,christian-braswell,yubjkyjtl24cmt20ycbw,14,3,11,0
2025,tackles,690,Julius Brents,julius-brents,chqdioyasofpjnu25iqi,14,4,10,0
2025,tackles,691,Chris Brooks,christopher-brooks,ityat7ltppdxe9t0imjd,14,10,4,0
2025,tackles,692,Percy Butler,percy-butler,uqx9zb1asrcvsenbus1p,14,6,8,0
2025,tackles,693,Dean Clark,dean-clark,p5lpl4l1tltyogrszszq,14,4,10,0
2025,tackles,694,Marcus Davenport,marcus-davenport,hauze2vwdskhaiqjifk1,14,8,5,1
2025,tackles,695,Mike Edwards,mike-edwards,bk3iu3ki1uhkalg3dt28,14,5,9,0
2025,tackles,696,Trevis Gipson,trevis-gipson,p5qxxhu4ecnzjcfva9b0,14,8,6,1
2025,tackles,697,Buddy Johnson,buddy-johnson,aa4htfuz4uxcprkmmvii,14,6,8,0
2025,tackles,698,Jack Kiser,jack-kiser,sy2upcvt2tvupphxlasc,14,9,5,0
2025,tackles,699,Arthur Maulet,arthur-maulet,aubd7y8fpt8tdx3tci9t,14,3,11,0
2025,tackles,700,Tristin McCollum,tristin-mccollum,lob4yulcbxvkweblc0dg,14,3,11,0
2025,tackles,701,Alim McNeill,alim-mcneill,ugdqnlqg8btovqnkzqpw,14,9,5,1
2025,tackles,702,Caleb Murphy,caleb-murphy,zc4hfyhht5w0m9kiultm,14,9,5,0.5
2025,tackles,703,Jeff Okudah,jeff-okudah,spqqvbna344r34sgvpdk,14,2,12,0
2025,tackles,704,Nehemiah Pritchett,nehemiah-pritchett,zxtribbeeejhqlt43dmj,14,3,10,0
2025,tackles,705,Jaylen Reed,jaylen-reed,xmnjyui1nzlnovrx54xn,14,5,9,0
2025,tackles,706,Elijah Roberts,elijah-roberts,konvzhfxyunroyoihh4m,14,4,9,2
2025,tackles,707,Micah Robinson,micah-robinson,dxjhrwbtwvdqfqc3kecf,14,6,8,0
2025,tackles,708,Brady Russell,brady-russell,vfz3osmr3fgeoyu5us80,14,4,8,0
2025,tackles,709,Corey Thornton,corey-thornton,fqf0gc9owhcrxgua2kbr,14,6,8,0
2025,tackles,710,Chris Williams,chris-williams-5,vznnciqhfciaxujb2a8i,14,8,6,1
2025,tackles,711,Kendall Williamson,kendall-williamson,p8tf7gkxcdl46exymyaj,14,6,8,0
2025,tackles,712,Josh Woods,josh-woods,p6wltly2bismav4hvfvb,14,6,8,0
2025,tackles,713,Alex Austin,alex-austin,xhouenbvagbqn4jbbtge,13,3,9,0
2025,tackles,714,Tre Avery,trey-avery,yrkuan8drm8v6dudeip1,13,7,6,0
2025,tackles,715,Warren Brinson,warren-brinson,lv56fxgmoabt9ecuu8eb,13,7,6,0.5
2025,tackles,716,Zachary Carter,zachary-carter-x9168,qvq8wnz7ssbxxuxxo9mn,13,8,5,0
2025,tackles,717,Sheldon Day,sheldon-day,cxw7fnka7letqbn7e1h3,13,7,6,0
2025,tackles,718,Mario Edwards,mario-edwards,cia50revbealvw5biusr,13,7,6,1.5
2025,tackles,719,Sam Franklin Jr.,sam-franklin,djoisg0rjwm8t8dlskvn,13,3,10,0
2025,tackles,720,Reggie Gilliam,reggie-gilliam,jjntivnnkczvlclkiwwm,13,7,6,0
2025,tackles,721,C.J. Henderson,c-j-henderson,mlbq9cpapxfoabj7fsvt,13,5,8,0
2025,tackles,722,Keondre Jackson,keondre-jackson,nseq4vwhoakwfp7ytpp0,13,3,10,0
2025,tackles,723,Naquan Jones,naquan-jones,iavprngmsf7pftvw0bsv,13,5,7,0
2025,tackles,724,Phidarian Mathis,phidarian-mathis,dtyx342zos6eqmy7tpfe,13,9,4,0
2025,tackles,725,Oluwafemi Oladejo,oluwafemi-oladejo,koxindt0qvandhu8otrf,13,8,4,0
2025,tackles,726,Tyler Owens,tyler-owens,rxf3jhkiysfn1vi91kvv,13,4,9,0
2025,tackles,727,LaBryan Ray,labryan-ray,hvculodfnj1jv595t4xw,13,6,7,0
2025,tackles,728,Tyler Batty,tyler-batty,xur5y3juva1uila1vszk,12,3,9,0
2025,tackles,729,Nick Bellore,nick-lalonde-bellore,u6p0owe2rw7ez4tu7bva,12,5,7,0
2025,tackles,730,Matthew Butler,matthew-butler,z3fxoxyy9oyq2eprdx3t,12,5,6,0
2025,tackles,731,Akayleb Evans,akayleb-evans,nhqsqcicvneknjeivzrd,12,6,6,0
2025,tackles,732,Neville Hewitt,neville-hewitt,lw2m7oyputkdykbaz0cu,12,7,5,0
2025,tackles,733,Ja'Marcus Ingram,ja-marcus-ingram,psqzuevupspatsrfianv,12,5,7,0
2025,tackles,734,Tyrion Ingram-Dawkins,tyrion-ingram-dawkins,lkpgbo1ftwfrp18wrbxv,12,6,6,1
2025,tackles,735,Austin Johnson,austin-johnson,wmwnpt1s8wxxztkkqd0z,12,8,4,1
2025,tackles,736,Desjuan Johnson,desjuan-johnson,qj7pup9mp0owqeocx98x,12,8,4,2
2025,tackles,737,Carl Jones,carl-jones,l4vvhcbssti8qvjhxigf,12,9,3,0
2025,tackles,738,Marshawn Kneeland,marshawn-kneeland,ghcwtmz5knxwpnddbymm,12,6,6,1
2025,tackles,739,Ed Oliver,ed-oliver,wqmheiax6xnk7pvcdzav,12,2,9,3
2025,tackles,740,Rico Payton,rico-payton,fhtldemepl6yeuqvepdj,12,7,5,0
2025,tackles,741,Brandon Pili,brandon-pili,qf0sxvyhghxygeocgob1,12,11,1,0
2025,tackles,742,Que Robinson,que-robinson,quvadleyknwh31c7acza,12,6,5,0.5
2025,tackles,743,Malcolm Rodriguez,malcolm-rodriguez,sovw0sc0bm1xltqv2zmb,12,3,9,0
2025,tackles,744,Khalen Saunders,khalen-saunders,ory67tgth5h9zjiriihh,12,7,5,1
2025,tackles,745,JL Skinner,jl-skinner-iii,dvlcjuzhtjxgfnnbcxjv,12,4,8,0
2025,tackles,746,Nazir Stackhouse,nazir-stackhouse,vokytmju8zhlte70ss9a,12,10,2,0
2025,tackles,747,Jay Tufele,jay-tufele,kerdo79clcla0l83czvl,12,7,5,0
2025,tackles,748,Charles Woods,charles-woods,wwypndzfrfidulshfdog,12,2,10,0
2025,tackles,749,Ashton Dulin,ashton-dulin,ux55cx0r9iwqwmfmaip6,11,5,6,0
2025,tackles,750,Jaylan Ford,jaylan-ford,yiecnvbih51buvodmmeg,11,6,5,0
2025,tackles,751,Leki Fotu,leki-fotu,nvivcl9hxccojvuexvmw,11,8,2,1
2025,tackles,752,Feleipe Franks,feleipe-franks,nbn1wxlh6los4y2am3ro,11,3,8,0
2025,tackles,753,Art Green,art-green,qzhydlbsekmp6x7gx6pn,11,5,6,0
2025,tackles,754,Mike Hall Jr.,michael-hall-jr,ykpxjvmielzqpguubka1,11,7,4,1.5
2025,tackles,755,Ty Hamilton,ty-hamilton,gtriftz4gtmqpetxqp9o,11,10,1,0
2025,tackles,756,Christian Harris,christian-harris,ffkftfaaph6bcd0v1d4n,11,6,5,0
2025,tackles,757,Hassan Haskins,hassan-haskins,n9jwsfxyo1xppmhscpik,11,6,5,0
2025,tackles,758,Xavien Howard,xavien-howard,jbebiqcxa5rrf9ihaxkp,11,4,7,0
2025,tackles,759,Truman Jones,truman-jones,zhhugc4ahcrbbpbsufqr,11,7,4,1.5
2025,tackles,760,Cameron Latu,cameron-latu,hquihmithkmhoncvkqwt,11,4,7,0
2025,tackles,761,Tyquan Lewis,tyquan-lewis,d47ganmptjxxpyhctc8x,11,6,4,3
2025,tackles,762,Nick Martin,nick-martin-2,znqnmy0xdk331ma8h7xa,11,3,8,0
2025,tackles,763,Kaevon Merriweather,kaevon-merriweather,f0eu5qpulyo3hzh4524f,11,5,6,0
2025,tackles,764,Smael Mondon Jr.,smael-mondon-jr,tbyyduioarpumchzmfdj,11,7,4,0
2025,tackles,765,Nick Niemann,nick-niemann,bstd7dnklbftscfbhskq,11,5,6,0
2025,tackles,766,Walter Nolen,walter-nolen,jr8karjanloyyas4erxt,11,3,7,2
2025,tackles,767,Andrew Ogletree,andrew-ogletree,wvcrk0ygv3coprxj4cnt,11,6,5,0
2025,tackles,768,Segun Olubi,segun-olubi,wdbdm4wqfnxyot962sco,11,2,9,0
2025,tackles,769,JJ Pegues,jj-pegues,dvqvxiv0lmy8wyunoztu,11,7,3,0
2025,tackles,770,Adam Prentice,adam-prentice,xuvyqidnso9ga1dfefoy,11,8,3,0
2025,tackles,771,Decamerion Richardson,decamerion-richardson,glaqpoapm3t8ponuj55p,11,2,9,0
2025,tackles,772,Bo Richter,bo-richter,kbhux5tafk9i4lqkcmtn,11,5,6,0
2025,tackles,773,John Ridgeway,john-ridgeway,irpvoorgwwezk7qxrp0m,11,8,3,0
2025,tackles,774,Shemar Stewart,shemar-stewart,cxyzfhkxg3ydlilhyunr,11,6,5,1
2025,tackles,775,Chazz Surratt,chazz-surratt,l01b7cc2rfwfkigdhzvg,11,7,4,0
2025,tackles,776,Leonard Taylor III,leonard-taylor-iii,id0gc6aoq3qfokpcu9os,11,6,4,0
2025,tackles,777,Samuel Womack,samuel-womack,rjvnnjizl2wtqrava83i,11,5,6,0
2025,tackles,778,Rasheen Ali,rasheen-ali,zwjrkzu3ia3cfrwgotqt,10,2,7,0
2025,tackles,779,British Brooks,british-brooks,jethzcwj6oeitvdprnk8,10,4,6,0
2025,tackles,780,Natrone Brooks,natrone-brooks,swxxv6yxfspw2vyrjxgv,10,2,8,0
2025,tackles,781,Cobee Bryant,cobee-bryant,hkvranq1xue9oed9vz12,10,2,8,0
2025,tackles,782,John Bullock,john-bullock-2,s1k4zct0clpt2rup9s0r,10,7,3,0
2025,tackles,783,Matt Dickerson,matt-dickerson,gtdzbosdflkvbsm8rwiv,10,8,1,0
2025,tackles,784,Nick Hampton,nick-hampton,aj7xvaomrralumwm35ve,10,6,4,0
2025,tackles,785,DeMarcco Hellams,demarcco-hellams,qg0hfg5iv3zc6hn07dzt,10,6,4,0
2025,tackles,786,Elijah Higgins,elijah-higgins,qgvtaa0gekopg4ad6vqe,10,5,5,0
2025,tackles,787,Jay Higgins,jay-higgins,zsbevehh3h4bsqiyga5q,10,7,3,0
2025,tackles,788,Travis Homer,travis-homer,dyyclvfaagspov2ydf3i,10,5,5,0
2025,tackles,789,Jamon Johnson,jamon-johnson,,10,7,3,0
2025,tackles,790,Derion Kendrick,derion-kendrick,rhmkstzb8ox2thtdo4k3,10,3,5,0
2025,tackles,791,Kobe King,kobe-king,sdbdytvgxowtgi92inpv,10,5,5,0
2025,tackles,792,David Martin-Robinson,david-martin-robinson,imh2h5q6jmoqno5xlpwm,10,5,5,0
2025,tackles,793,Jalen Mills,jalen-mills,yc4745ngoppgf1syjghl,10,7,3,0
2025,tackles,794,Maema Njongmeta,maema-njongmeta,xilgtxzojnxouajl01uc,10,6,4,0
2025,tackles,795,Pat O'Connor,pat-o-connor,hlyhbl1hpgksy8swksa8,10,5,5,0
2025,tackles,796,Otito Ogbonnia,otito-ogbonnia,oyayc8mxpu7grfwqgzrz,10,3,7,0.5
2025,tackles,797,Kitan Oladapo,kitan-oladapo,m3bxo3bhxk2d601bhjs0,10,3,7,0
2025,tackles,798,Jerrick Reed II,jerrick-reed-ii,jdg6nd5cot2srdfixjnv,10,4,6,0
2025,tackles,799,Asante Samuel Jr.,asante-samuel-jr,pqualt9wauuhcaop7tqm,10,4,6,0
2025,tackles,800,Za'Darius Smith,za-darius-smith,l5t51lcflhhfvxhr1sx3,10,7,3,1.5
2025,tackles,801,Dorian Strong,dorian-strong,alxdcy6excheslkfjcfk,10,1,9,0
2025,tackles,802,Sione Vaki,sione-vaki,abqcluf2gbejhiyjjtoz,10,4,6,0
2025,tackles,803,Eric Watts,eric-watts-2,ebgjkljqc8rvtev1iw3r,10,4,6,0
2025,tackles,804,Blake Whiteheart,blake-whiteheart,senw8edxu2ovkg1dbdxs,10,6,4,0
2025,tackles,805,Marcus Williams,marcus-williams,niqp2dje7qvlegxtsttn,10,3,7,0
2025,tackles,806,Colson Yankoff,colson-yankoff,cgsxdjqy6l2zuqaftbd6,10,6,4,0
2025,tackles,807,Yasir Abdullah,yasir-abdullah,ok0dts6vzdwn8owisv08,9,3,6,0
2025,tackles,808,Tyler Baron,tyler-baron,v9mbzoaeie7jm6jt4gdx,9,4,4,0
2025,tackles,809,Josh Blackwell,josh-blackwell,w95cwi511mgmeimkgzyg,9,6,3,0
2025,tackles,810,Jordan Clark,jordan-clark,qiesv40i10bhxmfuf1md,9,2,7,0
2025,tackles,811,Branson Combs,branson-combs,u60bto6dll3fjewspobu,9,6,3,0
2025,tackles,812,DJ Davidson,dj-davidson,l3ls8hdnfxfsdp9tmeqi,9,3,5,0
2025,tackles,813,Tai Felton,tai-felton,pyritorbaz2enqayclln,9,4,5,0
2025,tackles,814,Elijah Garcia,elijah-garcia,mdhtfrrfmfeop2secu2c,9,7,2,1
2025,tackles,815,Kemon Hall,kemon-hall,l5why1g7dkxmttkonaky,9,0,9,0
2025,tackles,816,C.J. Ham,c-j-ham,evssvutwjy6szq7dpelm,9,5,4,0
2025,tackles,817,Tonka Hemingway,tonka-hemingway,naoeqgrcfxdgtdrimc6v,9,1,8,4
2025,tackles,818,Connor Heyward,connor-heyward,nbbhxtutzvbj0ejljyyp,9,6,3,0
2025,tackles,819,KhaDarel Hodge,khadarel-hodge,r6vyxamrbb62lcccap2r,9,5,4,0
2025,tackles,820,Cam Jackson,cam-jackson,qqviwensjskqpgt7fufm,9,7,2,0
2025,tackles,821,Keonta Jenkins,keonta-jenkins,ss0czp5cbgns7jmngkpf,9,4,5,0
2025,tackles,822,Patrick Jones II,patrick-jones-ii,yj0r18rgx7oishozdalv,9,3,6,1
2025,tackles,823,Raheem Layne,raheem-layne,z3fhkczvsef6tqspduap,9,2,7,0
2025,tackles,824,Chase Lucas,chase-lucas,zwpd9vdwfhvdzpm0qfmb,9,3,6,0
2025,tackles,825,Easton Mascarenas-Arnold,easton-mascarenas-arnold,a8uufqbzvn1u8zhhujfa,9,5,4,0
2025,tackles,826,Dorian Mausi,dorian-mausi,mf8ks1kejyk3ccakvs5f,9,4,5,0
2025,tackles,827,Michael Mayer,michael-mayer,twnkr9uq1phvukxb5jmh,9,1,8,0
2025,tackles,828,Chad Muma,chad-muma,y1i2juo53q38pudbpkpv,9,5,4,0
2025,tackles,829,BJ Ojulari,bj-ojulari,hjtum8fdd1wbsqa2uufv,9,3,6,1
2025,tackles,830,Esezi Otomewo,esezi-otomewo,kebjbuk4q1algng5hf3b,9,4,5,1
2025,tackles,831,Jordan Phillips,jordan-phillips,hn887nvbphkycvlkvlms,9,4,5,1
2025,tackles,832,D'Angelo Ross,d-angelo-ross,knsvo3gypaqfo3vtnt1o,9,4,5,0
2025,tackles,833,Eric Saubert,eric-saubert,czzieyox5rht6ae3g5tx,9,4,5,0
2025,tackles,834,Will Shipley,will-shipley,pvpaepncsdfgzdubkuhg,9,2,7,0
2025,tackles,835,K'Von Wallace,k-von-wallace,ytpbcdbdwwlysnjj6uwb,9,2,6,0
2025,tackles,836,Garret Wallow,garret-wallow,swmlsjwctjetibjmhqxs,9,7,2,0
2025,tackles,837,Markees Watts,markees-watts,hwxh3ps9lwnj0qu4mw8v,9,7,2,0.5
2025,tackles,838,Elijah Williams,elijah-williams-2,jdad4ub2ljy6hynzxmb4,9,3,6,0
2025,tackles,839,Dareke Young,dareke-young,xd0585sr1fy1wpry0ued,9,2,7,0
2025,tackles,840,Denico Autry,denico-autry,avrrswmjrzes0ggi3bsg,8,3,5,3.5
2025,tackles,841,Andrew Beck,andrew-beck,zv8xb3nfxamq7sqa1xqt,8,4,4,0
2025,tackles,842,Quinton Bell,quinton-bell,zjs3eeybw4lxtljzm8lf,8,8,0,0
2025,tackles,843,Tre Brown,tre-brown,qmxy8q4nrxr2ascsrs2m,8,4,4,0
2025,tackles,844,Chaz Chambliss,chaz-chambliss,wwuawbggpxurztrxyyuh,8,2,6,1
2025,tackles,845,Isaiah Davis,isaiah-davis,x6r9a5xhtaklbvnqmtw7,8,6,2,0
2025,tackles,846,Khalil Dorsey,khalil-dorsey,fuzzcdksr4hobrl1rdhv,8,2,6,0
2025,tackles,847,Foley Fatukasi,foley-fatukasi,ttcdigwndhyvmhvgof25,8,3,5,1.5
2025,tackles,848,Tyler Goodson,tyler-goodson,zqmesi6fwv82lhfzlht6,8,2,6,0
2025,tackles,849,Brandon Graham,brandon-graham,e6iqegrredwqev7qx81m,8,4,4,3
2025,tackles,850,Eric Gregory,eric-gregory,yl1571iztzfkancofsja,8,7,1,0
2025,tackles,851,Yetur Gross-Matos,yetur-gross-matos,w1xhz0qsd0rr5hczbpb8,8,5,3,0
2025,tackles,852,Patrick Johnson,patrick-johnson,qtngv13hh6rm4kfc52jt,8,3,5,1
2025,tackles,853,Nic Jones,nic-jones,ph6swp4bcjab60k3zlmw,8,5,3,0
2025,tackles,854,Sanoussi Kane,sanoussi-kane,x5kk1i8mht8ndbuc4lam,8,5,3,0
2025,tackles,855,Charlie Kolar,charlie-kolar,g75ws8vkqz9cqwifhcy7,8,7,1,0
2025,tackles,856,DeAngelo Malone,deangelo-malone,uyjqwnbcams2hk2rmyh2,8,6,2,0
2025,tackles,857,Ryan Miller,ryan-miller-2,cyn2sjaozsadlvgarg6p,8,1,7,0
2025,tackles,858,Quintin Morris,quintin-morris,auqtvapzdtpdxg6myw6b,8,4,3,0
2025,tackles,859,Arron Mosby,arron-mosby,siq8ayl7lif3uddghbum,8,3,5,0
2025,tackles,860,Larrell Murchison,larrell-murchison,selpjbonlchfv4krusrd,8,6,2,2
2025,tackles,861,Jacob Saylors,jacob-saylors,wunm6abfmikwaewmwkp7,8,4,4,0
2025,tackles,862,Jaylin Simpson,jaylin-simpson,xy041ns1wwk60l85kpgh,8,3,5,0
2025,tackles,863,Channing Tindall,channing-tindall,ctza0keuuokbbxk2kg2p,8,4,4,0
2025,tackles,864,Jake Tonges,jake-tonges,z6goxhdhfc2m0rmwvtbl,8,3,5,0
2025,tackles,865,Laquon Treadwell,laquon-treadwell,xspi3oy2wlnszorzn6vk,8,2,6,0
2025,tackles,866,Greedy Vance,greedy-vance,mr8rshagj0vkedyjoz1t,8,1,7,0
2025,tackles,867,Tylan Wallace,tylan-wallace,rifnnpeub6okv41offnd,8,3,5,0
2025,tackles,868,Sam Webb,sam-webb,x0xcfspsmbddxk8autai,8,5,3,0
2025,tackles,869,Cody White,cody-white-2,qaxlehtrp722qleo48sc,8,3,5,0
2025,tackles,870,Ahkello Witherspoon,ahkello-witherspoon,m6xxy6xiebkbfwteth6n,8,2,6,0
2025,tackles,871,Johnathan Baldwin,johnathan-baldwin,us9ui2rbj5t4wr3wgyin,7,3,4,0
2025,tackles,872,Jakorian Bennett,jakorian-bennett,xmacplimntxaq6aohzpb,7,1,5,0
2025,tackles,873,Julian Blackmon,julian-blackmon,szgvamjf2lv2ggswkobd,7,3,4,0
2025,tackles,874,Tahj Brooks,tahj-brooks,s89clgkij0ytcmrkdydt,7,2,5,0
2025,tackles,875,Zach Cunningham,zach-cunningham,gxugy1m0xlxbyk8dv5rr,7,2,5,0
2025,tackles,876,Malik Davis,malik-davis,zvranxxyt8qeihn8c2q9,7,5,2,0
2025,tackles,877,Chris Edmonds,chris-edmonds-x7886,fvujgol1xqagsysqgveu,7,6,1,0
2025,tackles,878,Luke Farrell,luke-farrell,kdq2zratulrdsv4ykugy,7,4,3,0
2025,tackles,879,Simi Fehoko,simi-fehoko,eep30drknwucjdj6tivh,7,4,3,0
2025,tackles,880,Kyler Gordon,kyler-gordon,u5s17tjtzqebsl5yicln,7,2,5,1
2025,tackles,881,Shaquill Griffin,shaquill-griffin,jybewrw2vsf17rxds4tv,7,0,7,0
2025,tackles,882,Jordan Jackson,jordan-jackson,hpu3u6cvmei1bulufxbp,7,4,3,0
2025,tackles,883,McKinnley Jackson,mckinnley-jackson,bxrqtpwrbcvzxcekerxf,7,7,0,0
2025,tackles,884,Roschon Johnson,roschon-johnson,xbham6uvckkshpntb8oj,7,1,6,0
2025,tackles,885,Khalid Kareem,khalid-kareem,wv4cxlitwh8mxxpzvka5,7,4,3,0
2025,tackles,886,Austin Keys,austin-keys,cs4nlk2pdnx0bbesyghu,7,3,4,1
2025,tackles,887,Cody Lindenberg,cody-lindenberg,fkyosruw3thae4zuxksu,7,3,4,0
2025,tackles,888,Nnamdi Madubuike,nnamdi-madubuike,zvqf4b2ks5pwfkzynt5d,7,2,5,2
2025,tackles,889,Samaje Perine,samaje-perine,fllwhcdovol5i7xxahf6,7,6,1,0
2025,tackles,890,Demani Richardson,demani-richardson,gjav3xshmapw1yybykxz,7,4,3,0
2025,tackles,891,Zavier Scott,zavier-scott,z8sqpgdoyuv5rask15vn,7,4,3,0
2025,tackles,892,Rex Sunahara,rex-sunahara,lf7vil8wv3cqyumtczbr,7,4,3,0
2025,tackles,893,Jordan Turner,jordan-turner,pksjz8mnu6w6s3k3mh6c,7,6,1,0
2025,tackles,894,Ar'Darius Washington,ar-darius-washington,ptjh8ufk5zfpdc0yrpeq,7,4,3,1
2025,tackles,895,Nick Westbrook-Ikhine,nick-westbrook-ikhine,cyczwxlgfksrmurbb1ez,7,2,5,0
2025,tackles,896,Chris Wormley,chris-wormley,qqmbvbpitcgchhjcptve,7,3,4,1
2025,tackles,897,Tyler Badie,tyler-badie,ghhul5piv9vzeih6atsj,6,3,3,0
2025,tackles,898,Swayze Bozeman,swayze-bozeman,r2307pspo2ove0hhocvd,6,5,1,0
2025,tackles,899,L.J. Collier,l-j-collier,i39nt3smr30rgznvlal3,6,5,1,0
2025,tackles,900,Daniel Ekuale,daniel-ekuale,jlab8hsw5int8lkrevrg,6,2,4,0
2025,tackles,901,Ryan Flournoy,ryan-flournoy,tqwq3cgpqu7j9hzoyicx,6,2,4,0
2025,tackles,902,Jonathan Ford,jonathan-ford,xvjepsl8u5unzc5qc8fu,6,4,2,0
2025,tackles,903,Tomon Fox,tomon-fox,kxjmld9shgi3lcetoz7f,6,2,4,0
2025,tackles,904,Jamal Hill,jamal-hill,wmxibtpnomcoopmuv8fi,6,1,4,0
2025,tackles,905,Ruben Hyppolite II,ruben-hyppolite-ii,vnw1vo7so5m4xfhhckc4,6,3,3,0
2025,tackles,906,Javontae Jean-Baptiste,javontae-jean-baptiste,bmal2stgfn8j8hdlrhe4,6,4,2,1
2025,tackles,907,Eric Johnson,eric-johnson-7,uujdxrmmf5poiu5twqob,6,2,4,0
2025,tackles,908,Sam Kamara,sam-kamara,aakuha494hvtrja3dwjn,6,3,1,0
2025,tackles,909,Eric Kendricks,eric-kendricks,adc49lyuljufsfseggdc,6,3,3,0
2025,tackles,910,Azeez Ojulari,azeez-ojulari,sjxtproergb4cezoo1pv,6,4,2,0
2025,tackles,911,Payton Page,payton-page,lv2k8zefcvbgpgl5j6k1,6,1,4,0
2025,tackles,912,C.J. Ravenell,c-j-ravenell,rqjhomavdixcd1tqcge5,6,5,1,0
2025,tackles,913,Craig Reynolds,craig-reynolds,f5zuttg3hinfqgronrsg,6,2,4,0
2025,tackles,914,Jon Rhattigan,jon-rhattigan,im8y1u3b8ptowjxz56en,6,5,1,0
2025,tackles,915,Elijah Simmons,elijah-simmons,dnimueujvnjhpcj7xpti,6,3,3,0
2025,tackles,916,Jaylin Smith,jaylin-smith,pm4jhvtvmy4uvtcuxzpj,6,3,3,0
2025,tackles,917,Xavier Smith,xavier-smith,hqvwpitewijx8bjrcofe,6,3,3,0
2025,tackles,918,Keith Taylor,keith-taylor-2,dag6regaijwshj8f1uyn,6,2,4,0
2025,tackles,919,Shemar Turner,shemar-turner,gj6rxglwrkzwgvvq0z1q,6,0,5,0
2025,tackles,920,Joshua Williams,joshua-williams,w2nwt08uxz0owmctdyfu,6,2,4,0
2025,tackles,921,Brayden Willis,brayden-willis,sdifjifrgrvunhiigdub,6,3,3,0
2025,tackles,922,Ameer Abdullah,ameer-abdullah,k8teyeiqchljlm0h5te4,5,0,5,0
2025,tackles,923,Jaire Alexander,jaire-alexander,niwxzo2rjy1uuo3aehac,5,1,4,0
2025,tackles,924,Tyler Allgeier,tyler-allgeier,sp9lhhmpv4qy3xy2msxd,5,3,2,0
2025,tackles,925,Ricky Barber,ricky-barber,updqursgjxdp8zsjelp2,5,3,2,1
2025,tackles,926,Quinton Bohanna,quinton-bohanna,ch9htn9niarr01wxnuf5,5,4,1,0
2025,tackles,927,Josh Butler,josh-butler,mupdgai46euqd985yog0,5,2,3,0
2025,tackles,928,Dalen Cambre,dalen-cambre,cfllxq8wvrrciu7ugnyp,5,2,3,0
2025,tackles,929,Elijah Campbell,elijah-campbell,qyz7zre7auvk1ilrfs70,5,1,4,0
2025,tackles,930,Joe Cardona,joe-cardona,csekknezcx6bozjlcfc2,5,3,2,0
2025,tackles,931,Ja'Marr Chase,ja-marr-chase,qya3dtjb5kgofcuj2tuw,5,0,5,0
2025,tackles,932,Jordan Colbert,jordan-colbert,vzwrdqknqaz09r8s2wcu,5,1,4,0
2025,tackles,933,Beaux Collins,beaux-collins,fypzpyhv2bsvlcwp2ppo,5,4,1,0
2025,tackles,934,Brenton Cox Jr.,brenton-cox,gip2rjldcyryxybsioer,5,3,2,1
2025,tackles,935,Emari Demercado,emari-demercado,wu0sm9ttr4aiugi9fquf,5,2,3,0
2025,tackles,936,Ethan Downs,ethan-downs,somszafluhppwnnplu8i,5,4,1,0
2025,tackles,937,Kamal Hadden,kamal-hadden,j3ty1m9rac4bqcysjwqp,5,4,1,0
2025,tackles,938,Mike Hilton,mike-hilton,uippdcskzxubvfqoqxlo,5,1,4,0
2025,tackles,939,Michael Hoecht,mike-hoecht,jc7u6udenysloew1b4sx,5,3,2,2
2025,tackles,940,Cam Jones,cam-jones,jwrgy9biwoeqssscqysr,5,4,1,0
2025,tackles,941,Dom Jones,dom-jones,drlhingyoocycjx2j7qc,5,1,4,0
2025,tackles,942,Andre Jones Jr.,andre-jones-jr,jnapl3qjyekmgvxm4bgd,5,4,1,0
2025,tackles,943,Miles Killebrew,miles-killebrew,mhgwr5y6ibs53msnm2gt,5,2,3,0
2025,tackles,944,Mason Kinsey,mason-kinsey,fnp9cl8jpe0mrkysfh4r,5,1,4,0
2025,tackles,945,Tanoh Kpassagnon,tanoh-kpassagnon,ilr1bs7qesfq7fryeetc,5,1,4,1
2025,tackles,946,Dylan Laube,dylan-laube,lpizdza73bgksstymv5t,5,2,3,0
2025,tackles,947,Deane Leonard,deane-leonard,iwcena0ukt705dihzict,5,3,2,0
2025,tackles,948,Reuben Lowery,reuben-lowery,izccmtei81rlnzdahwgb,5,4,1,0
2025,tackles,949,Chandler Martin,chandler-martin,po0lpcvyloyque4kmnjy,5,4,1,0
2025,tackles,950,Marcus Maye,marcus-maye,jkqmwuujqfh8kir8wzdq,5,4,1,0
2025,tackles,951,Luke McCaffrey,luke-mccaffrey,xtxiwlkniuldrqg65n3q,5,3,2,0
2025,tackles,952,Kain Medrano,kain-medrano,xdizkco6f8wg8jxsgy9j,5,2,3,0
2025,tackles,953,Jalen Nailor,jalen-nailor,nojopyt8hxuwycxyaokb,5,0,5,0
2025,tackles,954,Omarr Norman-Lott,omarr-norman-lott,jp69jatihj5oqc37g9gv,5,1,4,1
2025,tackles,955,Connor O'Toole,connor-o-toole,fvrgej9ifncdq5ywexos,5,2,3,0
2025,tackles,956,Zacch Pickens,zacch-pickens,dsqdomywsgl8x4bqqcie,5,2,3,0
2025,tackles,957,Karene Reid,karene-reid,gx65fgbnmrzc51w1hfav,5,1,4,0
2025,tackles,958,Mark Robinson,mark-robinson-2,l7u61ekvlhzwchpxcdbo,5,1,3,0
2025,tackles,959,Ty Robinson,ty-robinson,wzfhauuzpt28giuk4dxt,5,4,1,0
2025,tackles,960,Robert Rochell,robert-rochell,toslxinwiwnk7etw4tkx,5,3,2,0
2025,tackles,961,Deebo Samuel Sr.,deebo-samuel,ntgyhqg6hq7fanhhsqiw,5,1,4,0
2025,tackles,962,Ja'Tavion Sanders,ja-tavion-sanders,le2akm1cbou170ioctxl,5,1,4,0
2025,tackles,963,Joey Slye,joey-slye,qyugyvvddildncveryob,5,2,3,0
2025,tackles,964,Amon-Ra St. Brown,amon-ra-st-brown,fd8nwhm6pvxfyzphzl6i,5,1,4,0
2025,tackles,965,Josh Tupou,josh-tupou,dlnemwulvmozmdwp0prp,5,4,1,0
2025,tackles,966,Jaylen Waddle,jaylen-waddle,gkh7m1jedon9mwn5jlf1,5,1,4,0
2025,tackles,967,Nick Whiteside,nick-whiteside,xb8o17bhvobonozefq7n,5,2,3,0
2025,tackles,968,Daijahn Anthony,daijahn-anthony,ued26kewzrortqqar0tf,4,2,2,0
2025,tackles,969,Shemar Bartholomew,shemar-bartholomew,oehvtzmh4uhwwsfliskq,4,0,4,0
2025,tackles,970,Carlos Basham,carlos-basham-jr,stlyey1t2lotlwldzprf,4,3,1,0
2025,tackles,971,Jake Bates,jake-bates,umhfee7ax7r8gjdt8okb,4,1,3,0
2025,tackles,972,Jarrick Bernard-Converse,jarrick-bernard-converse,qijokuz8ptkewjqktjm4,4,4,0,0
2025,tackles,973,Jacob Bobenmoyer,jacob-bobenmoyer,cjpwsinxkggwwfhaahga,4,3,1,0
2025,tackles,974,Khristian Boyd,khristian-boyd,gfxf6dacaxsu6buessre,4,3,1,0
2025,tackles,975,C.J. Brewer,c-j-brewer-2,t7msnroiny0ywfscrymd,4,2,2,0.5
2025,tackles,976,Pat Bryant,pat-bryant,n91hznzkfpftxhqt1qd9,4,1,3,0
2025,tackles,977,Howard Cross III,howard-cross-iii,c14y9hq7dq3e6wfuiqi7,4,2,2,0
2025,tackles,978,DeeJay Dallas,deejay-dallas,qrvemj4m3g2mqlbgy352,4,2,2,0
2025,tackles,979,Michael Davis,michael-davis,bh8fcv8fcihcx1munujm,4,2,2,0
2025,tackles,980,Cameron Dicker,cameron-dicker,fvkop13kntnwv3amucpf,4,2,2,0
2025,tackles,981,Isaiah Foskey,isaiah-foskey,etyericvmbufgeiwkcry,4,2,2,0
2025,tackles,982,Mitchell Fraboni,mitchell-fraboni,csvbeqtitr9ixpgdt0fu,4,1,3,0
2025,tackles,983,Kenny Gainwell,kenneth-gainwell,eo62l8ec8e3lzt86ihth,4,1,3,0
2025,tackles,984,Ta'Quon Graham,ta-quon-graham,guxpxgrm0ulryqybspna,4,1,3,0
2025,tackles,985,Isaac Guerendo,isaac-guerendo,uy1bdu0dokosyzl4ohmi,4,2,2,0
2025,tackles,986,Darius Harris,darius-harris,hhjpzik4tly0h4mwsigq,4,2,2,0
2025,tackles,987,Johnny Hekker,johnny-hekker,ujimjaanshkfyszjp3vl,4,1,3,0
2025,tackles,988,Alijah Huzzie,alijah-huzzie,cspeq4wwmy82tmumrh6n,4,1,3,0
2025,tackles,989,Velus Jones Jr.,velus-jones,d4y5fxivhcxk34q7stpb,4,3,1,0
2025,tackles,990,Ale Kaho,ale-kaho,xtiv998kd4048degy4xl,4,1,3,0
2025,tackles,991,Ross Matiscik,ross-matiscik,xpeopg39g2uqbfu71hai,4,2,2,0
2025,tackles,992,Christian McCaffrey,christian-mccaffrey,st82s2ytyzanatcmkqck,4,1,3,0
2025,tackles,993,Bo Melton,bo-melton,d7hxvsyeufobjykcxhls,4,2,2,0
2025,tackles,994,DK Metcalf,d-k-metcalf,kxql4sjfelubhxawu2zh,4,0,4,0
2025,tackles,995,Chris Moore,chris-moore,o0s29hnpztyxqotqdx8h,4,0,4,0
2025,tackles,996,George Odum,george-odum,watelqvhccitomv8ntny,4,2,2,0
2025,tackles,997,Cade Otton,cade-otton,yanr6h9aplae3jyzimf7,4,0,4,0
2025,tackles,998,Riley Patterson,riley-patterson,xjg7x98iyq5hlgjc62ot,4,1,3,0
2025,tackles,999,Trent Sherfield,trent-sherfield,iiig88xbj5zeau59ifvv,4,1,3,0
2025,tackles,1000,Stone Smartt,stone-smartt,g8mtiyojkmj8vwzmg0ez,4,0,4,0
2025,tackles,1001,Broderick Washington,broderick-washington,p5tkzkh6v2hda70lwojk,4,3,1,0
2025,tackles,1002,Trey Washington,trey-washington,ace4vjl3mefeypjbb5hc,4,4,0,0
2025,tackles,1003,Deatrich Wise,deatrich-wise,kmshfa3dfehklgdh1lrk,4,2,2,0
2025,tackles,1004,De'Von Achane,devon-achane,xk1xwio0bryfxo1ylweu,3,0,3,0
2025,tackles,1005,Keenan Allen,keenan-allen,ri267r6lzfwarh89hsn6,3,0,3,0
2025,tackles,1006,LeQuint Allen Jr.,lequint-allen,i0utigksuuvo2njb9wtk,3,2,1,0
2025,tackles,1007,Damon Arnette,damon-arnette,fd2gstkm1skm5r3fxca5,3,0,3,0
2025,tackles,1008,Julian Ashby,julian-ashby,tylvcq7xqh6xtkirqyxd,3,1,2,0
2025,tackles,1009,Alex Bachman,alex-bachman,xebxem8tzjm0yyygaklg,3,3,0,0
2025,tackles,1010,Corey Ballentine,corey-ballentine-x8428,fjv8xcxehvjnmmyrjiqx,3,3,0,0
2025,tackles,1011,Miles Battle,miles-battle,fzkus5rkxdqeys6rq5dn,3,0,3,0
2025,tackles,1012,Jack Bech,jack-bech,feplgtl0x1svqen9szwv,3,1,2,0
2025,tackles,1013,Chris Board,chris-board,xrhz4xljlfr6cpmfbgjw,3,1,2,0
2025,tackles,1014,Jake Bobo,jake-bobo,esyfp5hwdtepk2ypsru4,3,2,1,0
2025,tackles,1015,Jalen Brooks,jalen-brooks,xeg0tvg6klf0afgddkq6,3,1,2,0
2025,tackles,1016,Vernon Broughton,vernon-broughton,jij1yqsdhelakkptqz9k,3,3,0,0
2025,tackles,1017,Chase Brown,chase-brown,tch3y6jlj7khvyi9jg0c,3,0,3,0
2025,tackles,1018,Mike Brown,mike-brown-7,vufbgfg96s4jt3tlxdiw,3,0,3,0
2025,tackles,1019,Sebastian Castro,sebastian-castro,df4sh5ddoseg7d5bbl6q,3,1,2,0
2025,tackles,1020,Elijah Chatman,elijah-chatman,kzzty8qdv0ktwa6lmjk5,3,2,1,0
2025,tackles,1021,Scott Daly,scott-daly,icxbupl2lmn9ffjfu6xm,3,3,0,0
2025,tackles,1022,Jaden Davis,jaden-davis,mrfqy0t1pt2asimwulnp,3,1,2,0
2025,tackles,1023,Jamin Davis,jamin-davis,opdsr5ttchmbpuyw4vgf,3,2,1,0
2025,tackles,1024,Josiah Deguara,josiah-deguara,wivlyvbmlm0aogcvl2yz,3,2,1,0
2025,tackles,1025,Victor Dimukeje,victor-dimukeje,timanef1mpwuc1cqmptm,3,2,1,0
2025,tackles,1026,Greg Dortch,greg-dortch,pylafoddjiqh4rhjlhpf,3,2,1,0
2025,tackles,1027,Rico Dowdle,rico-dowdle,mx2bxccuzmdvzbksypws,3,0,3,0
2025,tackles,1028,Payne Durham,payne-durham,emibbexzjbzvopbvo1at,3,1,2,0
2025,tackles,1029,Anthony Goodlow,anthony-goodlow,nyluqyk0urg2bdfsajdk,3,2,1,0
2025,tackles,1030,J.T. Gray,j-t-gray,t5u7m4gtnd1zn9gazjjq,3,1,2,0
2025,tackles,1031,Taysom Hill,taysom-hill,q8itjlocg5do60qat4l3,3,0,3,0
2025,tackles,1032,George Holani,george-holani,pgwvv5qhcmnwf3tomy1a,3,2,1,0
2025,tackles,1033,Xavier Hutchinson,xavier-hutchinson,n5baiu6sg9wh3xhhewkd,3,1,2,0
2025,tackles,1034,Brennan Jackson,brennan-jackson,dmdwsofgb90qn5yoohcb,3,1,2,0
2025,tackles,1035,Dane Jackson,dane-jackson,pd5hj8idoykjrnwurduz,3,3,0,0
2025,tackles,1036,Drake Jackson,drake-jackson-2,x8ndvrqtk5q076kwedxg,3,2,1,0
2025,tackles,1037,Terrell Jennings,terrell-jennings,apyriqt5707yo5qgbni5,3,2,1,0
2025,tackles,1038,Jerry Jeudy,jerry-jeudy,szca1v9butuqkjs7ekpm,3,0,3,0
2025,tackles,1039,Brandon Johnson,,,3,2,1,0
2025,tackles,1040,Isaiah Johnson,isaiah-johnson-4,z8wqepet6gpcqnhehgyj,3,0,3,0
2025,tackles,1041,Kameron Johnson,kameron-johnson,ms7auybbkq1nwbd2ev0d,3,0,3,0
2025,tackles,1042,Elijah Jones,elijah-jones-2,ncb3dyn1yc6gwjv20l1x,3,3,0,0
2025,tackles,1043,Nikola Kalinic,nikola-kalinic,monk9ruop1ec5bfysiwl,3,2,1,0
2025,tackles,1044,Travis Kelce,travis-kelce,dpxovcfku6ud2aohgf6a,3,1,2,0
2025,tackles,1045,Ko Kieft,ko-kieft,whd4f9mav6qqckqltqwu,3,2,1,0
2025,tackles,1046,Younghoe Koo,younghoe-koo,d6k1yzhzj3mikcheisnm,3,1,2,0
2025,tackles,1047,Keleki Latu,keleki-latu,vebjjfyrrrbwaqjlyvun,3,2,1,0
2025,tackles,1048,Bralyn Lux,bralyn-lux,zjdsqlekl63ooll81os9,3,1,2,0
2025,tackles,1049,Micah McFadden,micah-mcfadden,nxlztsejsflkplpgq0jn,3,1,2,0
2025,tackles,1050,Colton McKivitz,colton-mckivitz,yjgfoh7lfrutn795jtxq,3,1,2,0
2025,tackles,1051,Tetairoa McMillan,tetairoa-mcmillan,gilgvjemumd6kpc9eiku,3,0,3,0
2025,tackles,1052,Rylie Mills,rylie-mills,st6tr9jhr7kn6apkycp3,3,2,1,0
2025,tackles,1053,Adonai Mitchell,adonai-mitchell,hwwacoa3pqapd7pgahfx,3,0,3,0
2025,tackles,1054,Kalel Mullings,kalel-mullings,jv2phcl7aihai00wkqgb,3,2,1,0
2025,tackles,1055,Bilal Nichols,bilal-nichols,ukjuxv7bxvbfnciod79v,3,3,0,0
2025,tackles,1056,Matthew Orzech,matthew-orzech,kfuljmbcfkwx1quqoklv,3,1,2,0
2025,tackles,1057,Robbie Ouzts,robbie-ouzts,kdykjwqk5xcnrfbtp47o,3,1,2,0
2025,tackles,1058,Aeneas Peebles,aeneas-peebles,pzcjpjjrkwtkbp60ti5k,3,1,2,0
2025,tackles,1059,Jeremiah Pharms Jr.,jeremiah-pharms-2,bhm6towuahy7ztd8zkna,3,2,1,0
2025,tackles,1060,Alec Pierce,alec-pierce,qcg9t51wgp3hicavmkmy,3,0,3,0
2025,tackles,1061,Luke Schoonmaker,luke-schoonmaker,g1slhy5joxxfeudlzrh9,3,1,2,0
2025,tackles,1062,Justin Shorter,justin-shorter,htymyxoyw1hh52zoo3lb,3,3,0,0
2025,tackles,1063,Arian Smith,arian-smith,asywvwrn6zhlidxothqn,3,0,3,0
2025,tackles,1064,Mazi Smith,mazi-smith,kgoofjfxbyjfjgcr5bcz,3,3,0,0
2025,tackles,1065,Chris Smith II,christopher-smith-ii,vada29u8cv7aooueespg,3,2,1,0
2025,tackles,1066,Jaxon Smith-Njigba,jaxon-smith-njigba,yx1xjrupbqdknnjaq4a6,3,0,3,0
2025,tackles,1067,Baylon Spector,baylon-spector,ekmjqmhpbhtlydc3sfag,3,1,2,0
2025,tackles,1068,Sione Takitaki,sione-takitaki,mx5kjkwhlgzbuhagmsb7,3,2,1,0
2025,tackles,1069,Darrell Taylor,darrell-taylor,i0d3vsafckx1qzuzcrp6,3,2,1,0
2025,tackles,1070,Jay Toia,jay-toia,wxmtornm7a5tavuw4rfk,3,2,1,0
2025,tackles,1071,Malik Turner,malik-turner,pwrijrdgfdsqe00naun5,3,0,3,0
2025,tackles,1072,Kimani Vidal,kimani-vidal,tqdctdun0bv60d5ziwtl,3,1,2,0
2025,tackles,1073,Devontez Walker,devontez-walker,x3x3k5ispk44ms0f7vrv,3,2,1,1
2025,tackles,1074,Jahdae Walker,jahdae-walker,cr13mo2xrpdkksy8fveq,3,3,0,0
2025,tackles,1075,Kristian Welch,kristian-welch,iqibbhzklifflirfqvoq,3,3,0,0
2025,tackles,1076,Kyzir White,kyzir-white,n5sjtcxydtaszz7yeyqw,3,1,2,0
2025,tackles,1077,Jordan Whittington,jordan-whittington,enqcg1lgjkuk0hqz3qjc,3,1,2,0
2025,tackles,1078,Marco Wilson,marco-wilson,m4jq4nxx4nwauuobcznx,3,0,3,0
2025,tackles,1079,James Winchester,james-winchester,kfojelzxr0gwaj9aaybm,3,1,2,0
2025,tackles,1080,Mekhi Wingo,mekhi-wingo,pcsyefxgb6i24o0dm3l0,3,1,2,0
2025,tackles,1081,Rashad Wisdom,rashad-wisdom,zqseximyfbxl2h4bqxyw,3,2,1,0
2025,tackles,1082,Charlie Woerner,charlie-woerner,tuzldnhk23mvsapfejqd,3,2,1,0
2025,tackles,1083,Nate Adkins,nate-adkins,hedaw0ksq5qdzp9uhe3w,2,2,0,0
2025,tackles,1084,Cal Adomitis,cal-adomitis,hi1jz8g2dtq0l6efegra,2,1,1,0
2025,tackles,1085,Mo Alie-Cox,mo-alie-cox,ivdxijcqlhfwsydxh6ox,2,0,2,0
2025,tackles,1086,Mark Andrews,mark-andrews,u4xzz7tclch0tpzm9hhz,2,0,2,0
2025,tackles,1087,Cornell Armstrong,cornell-armstrong,aslfjfnirvlt7u6z8hkn,2,1,1,0
2025,tackles,1088,AJ Barner,aj-barner,i0esiguve9if4ts5mm1q,2,1,1,0
2025,tackles,1089,Graham Barton,graham-barton,jbvrm3jvgbcjjc1yd5qx,2,0,2,0
2025,tackles,1090,Matthew Bergeron,matthew-bergeron,hy3t6flxp3ryvd3ntoum,2,1,1,0
2025,tackles,1091,Tank Bigsby,tank-bigsby,vfkdjfpiyrcuzahrmfvn,2,1,1,0
2025,tackles,1092,Chris Boswell,chris-boswell,rxbnhvnfjmheuryvdmuf,2,0,2,0
2025,tackles,1093,Brock Bowers,brock-bowers,waorceny0ggpaeckaol8,2,0,2,0
2025,tackles,1094,Beau Brade,beau-brade,aa1pdnb0jaba4zs5nnry,2,1,1,0
2025,tackles,1095,Marquise Brown,marquise-brown,shkjxggufymydgp6wk3p,2,0,2,0
2025,tackles,1096,Pharaoh Brown,pharaoh-brown,hfgg6gr7aiyzmdzh4iww,2,1,1,0
2025,tackles,1097,Jason Brownlee,jason-brownlee,lxmpoub3eslnvevtpoqf,2,1,1,0
2025,tackles,1098,Treylon Burks,treylon-burks,bmozbzdxgnnwdniuvgnn,2,1,1,0
2025,tackles,1099,Harrison Butker,harrison-butker,yphf8avl8ji0ncdohabz,2,1,1,0
2025,tackles,1100,Will Campbell,will-campbell,mqfqwcdx3l4437twzxhm,2,0,2,0
2025,tackles,1101,Zion Childress,zion-childress,rfj8pmex9tjxqayn0maz,2,2,0,0
2025,tackles,1102,Cole Christiansen,cole-christiansen,x74ojmotlufzvz8jmetl,2,2,0,0
2025,tackles,1103,Tanner Conner,tanner-conner,hya7vfgtuyx5k4tnhmic,2,1,1,0
2025,tackles,1104,Malachi Corley,malachi-corley,lay1p8pvwrglmqorc6ev,2,1,1,0
2025,tackles,1105,Blake Corum,blake-corum,axzqbqjkrbwfzodwwakq,2,0,2,0
2025,tackles,1106,Jaden Crumedy,jaden-crumedy,xmbnm0swk4oqrrnslrn5,2,2,0,0
2025,tackles,1107,Sam Darnold,sam-darnold,fyay8vruj0cqmhopufzk,2,0,2,0
2025,tackles,1108,Stefon Diggs,stefon-diggs,cemcexmscsarpvwhafln,2,0,2,0
2025,tackles,1109,Josh Downs,josh-downs,z3wahaxpmc6d5lcxgh60,2,0,2,0
2025,tackles,1110,Storm Duck,storm-duck,xupbuoy2lyb6bqyjvuso,2,1,0,0
2025,tackles,1111,Greg Dulcich,greg-dulcich,kw4cwgjl4kywh6le4sfh,2,1,1,0
2025,tackles,1112,Dee Eskridge,d-wayne-eskridge,baasw8ia3qztewmawfnz,2,1,1,0
2025,tackles,1113,Mike Evans,mike-evans,zc4ujpmndyxrbiyyjomz,2,0,2,0
2025,tackles,1114,Jake Ferguson,jake-ferguson,xpykb0tbosfwsn6dqstb,2,0,2,0
2025,tackles,1115,Ryan Fitzgerald,ryan-fitzgerald,giy8qnq6njxzwtqvqdsm,2,1,1,0
2025,tackles,1116,Zay Flowers,zay-flowers,xzhto2dejy2pflkfx40c,2,0,2,0
2025,tackles,1117,Stone Forsythe,stone-forsythe,gsok8muncvvgwztjewhn,2,0,2,0
2025,tackles,1118,Jack Fox,jack-fox-x0892,iwfepgslxhtx236z6faz,2,0,2,0
2025,tackles,1119,Troy Franklin,troy-franklin,wgfbgxjntyqzojpizgaj,2,0,2,0
2025,tackles,1120,Hjalte Froholdt,hjalte-froholdt,ylkuycgg5mlekrd0e7uy,2,0,2,0
2025,tackles,1121,Jordan Fuller,jordan-fuller,fels90wvhbe4a0vdjnnu,2,0,2,0
2025,tackles,1122,Kevin Givens,kevin-givens,dpbmpsyvi88lpb4xebly,2,1,1,0
2025,tackles,1123,Dallas Goedert,dallas-goedert,bafepstxu7vvxb9v5vua,2,0,2,0
2025,tackles,1124,Ollie Gordon II,ollie-gordon-ii,bv33rgypaauv7sealwkr,2,0,2,0
2025,tackles,1125,Hogan Hatten,hogan-hatten,yzzbpxu7nqjl3crr1srw,2,2,0,0
2025,tackles,1126,Thomas Hennessy,thomas-hennessy,dzwef96yf2ovfdcppbmo,2,1,1,0
2025,tackles,1127,Justin Herbert,justin-herbert,jnkspnntgebegzp4ghve,2,1,1,0
2025,tackles,1128,Khalil Herbert,khalil-herbert,gjwksf9ygntjmtceeerh,2,1,1,0
2025,tackles,1129,Julian Hill,julian-hill,idjirwpxilfybc74zhwr,2,1,1,0
2025,tackles,1130,Jalin Hyatt,jalin-hyatt,fqgvjckxe03pr4eup6m7,2,0,2,0
2025,tackles,1131,Tanner Ingle,tanner-ingle,vzeuylllstdp5udwxgzq,2,1,1,0
2025,tackles,1132,Donovan Jackson,donovan-jackson,xurpqjpbr0arxuxqanhb,2,1,1,0
2025,tackles,1133,Lamar Jackson,lamar-jackson,eno6s5qzl9grbfbfwhoa,2,0,2,0
2025,tackles,1134,Nick Jackson,nick-jackson,v70vlurxo9qr6hv1ehsy,2,1,1,0
2025,tackles,1135,Justin Jefferson,justin-jefferson,htjevkugzk6ietrjysny,2,1,1,0
2025,tackles,1136,Ty Johnson,ty-johnson-x3152,zruhihypizhtgpvsaj3c,2,1,1,0
2025,tackles,1137,Caleb Johnson,caleb-johnson,cpvxwusivovnovmryprc,2,1,1,0
2025,tackles,1138,DJ Johnson,dj-johnson-2,skdbejfdghlnyipusgll,2,0,2,0
2025,tackles,1139,Nazeeh Johnson,nazeeh-johnson,illwkijgasazqecvkgd0,2,1,1,0
2025,tackles,1140,Aaron Jones,aaron-jones,bktkfvgfwujkdbzkcfim,2,1,1,0
2025,tackles,1141,Kyle Juszczyk,kyle-juszczyk,tsejiiddtouukwyyqr9q,2,1,1,0
2025,tackles,1142,Nick Kallerup,nick-kallerup,eetx8ba2ztsmk9wabbzp,2,0,2,0
2025,tackles,1143,Kyle Kennard,kyle-kennard,enodzm0fwoad2afpbuns,2,1,1,0
2025,tackles,1144,Christian Kirk,christian-kirk,ffp75mtwnqgrv0qz0txz,2,0,2,0
2025,tackles,1145,Bam Knight,bam-knight,mjxnlzlnnwlfqayeybut,2,1,1,0
2025,tackles,1146,Christian Kuntz,christian-kuntz,cg9flp4dh0tjvjoh4vc5,2,0,2,0
2025,tackles,1147,DeMarvin Leal,demarvin-leal,gqsxinwxry4uggkdd90r,2,1,1,0
2025,tackles,1148,Logan Lee,logan-lee,py0b0ngp7hcrt4asr9fr,2,0,2,0
2025,tackles,1149,Chris Lindstrom,chris-lindstrom,ej9vnjijinovikapg3nz,2,2,0,0
2025,tackles,1150,Zion Logue,zion-logue,yvkguckrkwcvlzmx3txz,2,1,1,0.5
2025,tackles,1151,Drake London,drake-london,mcllowcfrmmdeo4zy3g1,2,0,2,0
2025,tackles,1152,Tyler Loop,tyler-loop,kbwixtntqevptepedhll,2,0,2,0
2025,tackles,1153,Abraham Lucas,abraham-lucas,uuarey3oymnwrxezyp4d,2,0,2,0
2025,tackles,1154,Chris Manhertz,chris-manhertz,bw0kytk1nwrdln9t3wzg,2,1,1,0
2025,tackles,1155,Cameron McGrone,cameron-mcgrone,xfpxokkvmeaex547py28,2,1,1,0
2025,tackles,1156,Brandon McManus,brandon-mcmanus,qvwi9b1vfkn0wlmdl7ej,2,0,2,0
2025,tackles,1157,Armand Membou,armand-membou,jpsi4xluqav1acigaou5,2,0,2,0
2025,tackles,1158,Amarius Mims,amarius-mims,lsyds0sc3ak7atlopauh,2,1,1,0
2025,tackles,1159,Jarius Monroe,jarius-monroe,b3txbatszz4qastkzivi,2,1,1,0
2025,tackles,1160,Jeremiah Moon,jeremiah-moon,x2he3hockgnqfmxlxctw,2,2,0,0
2025,tackles,1161,Jason Myers,jason-myers,zcd7q9loflr0t5bsvzig,2,0,2,0
2025,tackles,1162,Malik Nabers,malik-nabers,w3edoyyuomqlovvp9ixc,2,0,2,0
2025,tackles,1163,Durell Nchami,durell-nchami,ajybunk1c4rx1ed45s4l,2,1,1,0
2025,tackles,1164,Parry Nickerson,parry-nickerson,w8wujvtmfphdc3wohtry,2,0,2,0
2025,tackles,1165,George Pickens,george-pickens,cbpyykoguf7rsxezqzvk,2,0,2,0
2025,tackles,1166,Kyle Pitts,kyle-pitts,xczipzxvytnmvgznhhb4,2,0,2,0
2025,tackles,1167,Jackson Powers-Johnson,jackson-powers-johnson,o2lpxcphdigzwbjr12jh,2,0,2,0
2025,tackles,1168,Matt Prater,matt-prater,pj981bi535y4jwy6skr1,2,2,0,0
2025,tackles,1169,Dak Prescott,dak-prescott,yvscmqq1qki8zfsemmcd,2,0,2,0
2025,tackles,1170,Nikko Reed,nikko-reed,kwrqouczwfh7xtyhlzgl,2,1,1,0
2025,tackles,1171,Jalen Reeves-Maybin,jalen-reeves-maybin,oczccxuvy4ltvjy4fhmu,2,0,2,0
2025,tackles,1172,Will Reichard,will-reichard,wv1h4umuddkfss96uutw,2,0,2,0
2025,tackles,1173,Luke Rhodes,luke-rhodes,pvnnjrqgkwh2bq2pqvsj,2,1,1,0
2025,tackles,1174,Monty Rice,monty-rice,rrcuqfoaipif1vrlobuz,2,2,0,0
2025,tackles,1175,Jordon Riley,jordon-riley,tr46ilf5hznzboea38ag,2,0,2,0
2025,tackles,1176,Ronnie Rivers,ronnie-rivers,t9l7jhs1jw1joy8jpxee,2,0,2,0
2025,tackles,1177,Chris Rodriguez Jr.,chris-rodriguez-jr,pknd5uajvpvfd8c744im,2,0,2,0
2025,tackles,1178,Jeremy Ruckert,jeremy-ruckert,bcqcta7r1uee3rqhejdh,2,2,0,0
2025,tackles,1179,Carter Runyon,carter-runyon-2,q8knlo3npxhjxiyyx4h6,2,0,2,0
2025,tackles,1180,Dylan Sampson,dylan-sampson,den1hzzomdxfcsgk88o5,2,1,1,0
2025,tackles,1181,Dalton Schultz,dalton-schultz,ym8sbkev8l4scnrc0vd8,2,1,1,0
2025,tackles,1182,Daniel Scott,daniel-scott,zhfuulvqg8vgqfx738ey,2,0,2,0
2025,tackles,1183,Khalil Shakir,khalil-shakir,syvp3hficobwcsim3i9v,2,0,2,0
2025,tackles,1184,Tyrell Shavers,tyrell-shavers,r9nabownt8mbqlj730su,2,1,1,0
2025,tackles,1185,David Sills,david-sills,g0jd9yaq2yhw05ktamlh,2,0,2,0
2025,tackles,1186,Cam'Ron Silmon-Craig,cam-ron-silmon-craig,sdlpu4khplzqtchb5syg,2,0,2,0
2025,tackles,1187,Isaiah Simmons,isaiah-simmons,mf9tbatcc933o8rzfuy5,2,1,1,0
2025,tackles,1188,Ameer Speed,ameer-speed,o9d89l2prvb5k7uawpzi,2,1,1,0
2025,tackles,1189,Jack Stoll,jack-stoll,vx5eqo8t1qvj0ijwmiwm,2,0,2,0
2025,tackles,1190,Cade Stover,cade-stover,ur3ihcg0rkeqbfiksj5y,2,0,2,0
2025,tackles,1191,Loren Strickland,loren-strickland,oyo9hcjvk5oi9fwkvbfo,2,1,1,0
2025,tackles,1192,Courtland Sutton,courtland-sutton,kqwmqcrlrwmqcvfuguhs,2,0,2,0
2025,tackles,1193,Andre Szmyt,andre-szmyt,tkah6glpysuyq2a54gts,2,1,1,0
2025,tackles,1194,Reese Taylor,reese-taylor,sgzl6u9ggxuea9qcbveg,2,0,2,0
2025,tackles,1195,Isaac TeSlaa,isaac-teslaa,ducfhbiy2a8loytcjymn,2,1,1,0
2025,tackles,1196,Austin Trammell,austin-trammell,vpkcobp7jdqvk8qwhhtg,2,0,2,0
2025,tackles,1197,Tommy Tremble,tommy-tremble,t7wjikfv09d3o1q7wjdx,2,0,2,0
2025,tackles,1198,Tre Tucker,tre-tucker,hazzk3hrcequzosdgzgv,2,0,2,0
2025,tackles,1199,Travis Vokolek,travis-vokolek,mghciy5zhnaxa6v097yj,2,0,2,0
2025,tackles,1200,William Wagner,william-wagner,mlpqnycrpna1gurrpzr5,2,2,0,0
2025,tackles,1201,DeMarcus Walker,demarcus-walker,srytj7u2ver5a0lnanpg,2,2,0,0
2025,tackles,1202,Kenneth Walker III,kenneth-walker-iii,vk6nruaqdewdglofcwwg,2,1,1,0
2025,tackles,1203,Malik Washington,malik-washington,dmaiwnmaal9nrwfskl28,2,0,2,0
2025,tackles,1204,Parker Washington,parker-washington,yn0hc5xrz5nqeccg8two,2,0,2,0
2025,tackles,1205,Jon Weeks,jon-weeks,vfrborns4bhlqzcmvwip,2,1,1,0
2025,tackles,1206,Ja'Markis Weston,ja-markis-weston,kew2dk2gtgrydvlzkuxa,2,2,0,0
2025,tackles,1207,Elijah Wilkinson,elijah-wilkinson,q24grx1dxcv83l2nmayx,2,2,0,0
2025,tackles,1208,Trent Williams,trent-williams,esqu9k1my3po3yxxkcjs,2,0,2,0
2025,tackles,1209,Michael Wilson,michael-wilson,hm2b9z4zujjmbiyldh8n,2,0,2,0
2025,tackles,1210,Perrion Winfrey,perrion-winfrey,mba0pzg4jlbxszeneexx,2,2,0,0
2025,tackles,1211,Zach Wood,zach-wood,vldx7g9vu0boohxmhs48,2,1,1,0
2025,tackles,1212,Jackson Woodard,jackson-woodard,az85ciifheyqiga3yqot,2,1,1,0
2025,tackles,1213,Luke Wypler,luke-wypler,alkthyatyuxkudodqhke,2,1,1,0
2025,tackles,1214,Ben Yurosek,ben-yurosek,q6ea6dqd4nn27aeihiv7,2,1,1,0
2025,tackles,1215,Grey Zabel,grey-zabel,ttuahecuymewba9naaql,2,1,1,0
2025,tackles,1216,Davante Adams,davante-adams,tdzluk4xau3arxqk9zsl,1,0,1,0
2025,tackles,1217,Isaiah Adams,isaiah-adams,ule1nyboygcfxxc0qz8l,1,0,1,0
2025,tackles,1218,Jordan Addison,jordan-addison,mi4lzk9gvjrvo6rwdf1e,1,0,1,0
2025,tackles,1219,Davis Allen,davis-allen,iweydtcrfchsl3mt6jtd,1,1,0,0
2025,tackles,1220,Spencer Anderson,spencer-anderson,gtpey4tnh0dkqjlux3gz,1,0,1,0
2025,tackles,1221,Jake Andrews,jake-andrews,u4ys7gxfabvumwdj9vgg,1,0,1,0
2025,tackles,1222,Chigozie Anusiem,chigozie-anusiem,pp6vsmzyplbm98g2srpp,1,1,0,0
2025,tackles,1223,Eli Apple,eli-apple,yolqz0wu1oqgsnby8kfj,1,0,1,0
2025,tackles,1224,Brandon Aubrey,brandon-aubrey,bgwg06zmyohjxvzznbf6,1,0,1,0
2025,tackles,1225,Steve Avila,steve-avila,gftgxclwwznxdrxc15gy,1,0,1,0
2025,tackles,1226,Elic Ayomanor,elic-ayomanor,jjmscqt6v4ecasveugoh,1,0,1,0
2025,tackles,1227,Jake Bailey,jake-bailey,loghcplmv69wosiqlopr,1,0,1,0
2025,tackles,1228,Saquon Barkley,saquon-barkley,qcayrzjpura2zydszonh,1,0,1,0
2025,tackles,1229,Rashod Bateman,rashod-bateman,gtktmsfcxc1eijwpwzyq,1,0,1,0
2025,tackles,1230,Brenden Bates,brenden-bates,beeomv1jxgkwgqubgef9,1,0,1,0
2025,tackles,1231,John Bates,john-bates,sqaiwpind6kk4ns4acql,1,1,0,0
2025,tackles,1232,Ronnie Bell,ronnie-bell,oc0bqykntgi6uiczr7zc,1,1,0,0
2025,tackles,1233,Daniel Bellinger,daniel-bellinger,nvabdu88h2cvroeygabo,1,0,1,0
2025,tackles,1234,Joel Bitonio,joel-bitonio,il9yy0bjrowrwhxk9ard,1,0,1,0
2025,tackles,1235,Chris Blair,chris-blair,gfkhv6k1wr45fnhl0p1d,1,0,1,0
2025,tackles,1236,Isaiah Bond,isaiah-bond,piv889pkizjvgrtpfkxm,1,0,1,0
2025,tackles,1237,Andy Borregales,andres-borregales,x2fxn5qf6zkgmvedjpys,1,0,1,0
2025,tackles,1238,Tanor Bortolini,tanor-bortolini,m2gbuydcsxpusvpfcmxk,1,0,1,0
2025,tackles,1239,Kayshon Boutte,kayshon-boutte,mg4icjqhwhnc5uobmau5,1,0,1,0
2025,tackles,1240,Garrett Bradbury,garrett-bradbury,lpe4jgum1im7luvecrc4,1,0,1,0
2025,tackles,1241,Anthony Bradford,anthony-bradford,g2bf69loozhlnsfoxsjv,1,1,0,0
2025,tackles,1242,Blake Brandel,blake-brandel,pahzsehwe1mplzelu3wl,1,1,0,0
2025,tackles,1243,Aaron Brewer,aaron-brewer-2,hg1utha1cygi0y3r45od,1,0,1,0
2025,tackles,1244,Aaron Brewer,aaron-brewer,mnaix4zmrmwryj55usgx,1,1,0,0
2025,tackles,1245,Austin Brinkman,austin-brinkman,gfb3bzfuppjf7t7d3kis,1,1,0,0
2025,tackles,1246,Max Brosmer,max-brosmer,fpveluufmy7buwrhpiny,1,0,1,0
2025,tackles,1247,Brittain Brown,brittain-brown,xo28viloq6rjkgca3gpz,1,1,0,0
2025,tackles,1248,Evan Brown,evan-brown,hbte4ax1oelubjtq68np,1,0,1,0
2025,tackles,1249,Taven Bryan,taven-bryan,omwj6uyx0ermi51ptvh6,1,1,0,0.5
2025,tackles,1250,Harrison Bryant,harrison-bryant,opgnzrczeavjmrib6cmp,1,0,1,0
2025,tackles,1251,Spencer Burford,spencer-burford,wtff3ynyk6usevyirayk,1,0,1,0
2025,tackles,1252,Grant Calcaterra,grant-calcaterra,inpyxw55sxo96shrt4si,1,0,1,0
2025,tackles,1253,Mike Caliendo,mike-caliendo,ayqrrcjh4woocxmc7lgs,1,1,0,0
2025,tackles,1254,Dalevon Campbell,dalevon-campbell,dgfltlpm8wahq2trfxag,1,0,1,0
2025,tackles,1255,Parris Campbell,parris-campbell,pmb3ypquiy5a2qzzmio4,1,1,0,0
2025,tackles,1256,Jaylon Carlies,jaylon-carlies,vomau8la4suhjwkjwl7w,1,1,0,0
2025,tackles,1257,Daniel Carlson,daniel-carlson,gsvj7rtvqwbwdeho8whf,1,0,1,0
2025,tackles,1258,Michael Carter,michael-carter-3,cwqrxzouk4gkhfziyqre,1,0,1,0
2025,tackles,1259,Ty Chandler,ty-chandler,dmprsfd75phecgmbkf4l,1,1,0,0
2025,tackles,1260,Zach Charbonnet,zach-charbonnet,cuuyog0lpxfaj0y0huvp,1,1,0,0
2025,tackles,1261,Brady Christensen,brady-christensen,pbj2pkbe5cwtomutayd1,1,1,0,0
2025,tackles,1262,Nick Chubb,nick-chubb,h5y74trx6l8ivpkbmrkt,1,0,1,0
2025,tackles,1263,Ezra Cleveland,ezra-cleveland,klbtf9vddho85uv3azli,1,1,0,0
2025,tackles,1264,AJ Cole,a-j-cole,t6ah2u0wptbb8n22tehr,1,0,1,0
2025,tackles,1265,Keon Coleman,keon-coleman,cm7g87waetksjouyjgvg,1,0,1,0
2025,tackles,1266,Jack Conklin,jack-conklin,n8bh3p91qk6myrjqmast,1,1,0,0
2025,tackles,1267,Logan Cooke,logan-cooke,qy2pmeevxy1jndpdq1ai,1,0,1,0
2025,tackles,1268,Sam Cosmi,samuel-cosmi,hje3hb60snyi7oworbbi,1,1,0,0
2025,tackles,1269,Jeremy Crawshaw,jeremy-crawshaw,ybqasaukmya02ajzgoaz,1,1,0,0
2025,tackles,1270,Devin Culp,devin-culp,e32gorf12yuyy6iyijt9,1,0,1,0
2025,tackles,1271,Andy Dalton,andy-dalton,sfsneh0bn46e2kwve7sr,1,1,0,0
2025,tackles,1272,Jayden Daniels,jayden-daniels,gfz8k5onuqjrche9ogqc,1,0,1,0
2025,tackles,1273,Marlon Davidson,marlon-davidson,zxqpom7rcenoibhktkyh,1,1,0,0
2025,tackles,1274,Gabe Davis,gabe-davis,rlmgjtfct5qjtbwcjqg6,1,0,1,0
2025,tackles,1275,Kaden Davis,kaden-davis,j4pxqpw02oztmctolcdr,1,1,0,0
2025,tackles,1276,Ray Davis,ray-davis-2,xibwzhrl6q5xkgh3utug,1,1,0,0
2025,tackles,1277,Evan Deckers,evan-deckers,ktw6cswbixds9apgamdw,1,0,1,0
2025,tackles,1278,Austin Deculus,austin-deculus,da3gpuvmzfoc7tnn5nut,1,1,0,0
2025,tackles,1279,Andrew DePaola,andrew-depaola,zvvseyjneba7ehms6pd9,1,1,0,0
2025,tackles,1280,AJ Dillon,a-j-dillon,imxxt8yrbrxptoxr1hw5,1,0,1,0
2025,tackles,1281,Devin Duvernay,devin-duvernay,tj3t166iwsxbnyzxcyyl,1,0,1,0
2025,tackles,1282,Ross Dwelley,ross-dwelley,wf9ynmqonmnaosslkwdl,1,0,1,0
2025,tackles,1283,Ikem Ekwonu,ikem-ekwonu,mpfy7ivhwvry6pjezemw,1,0,1,0
2025,tackles,1284,Jake Elliott,jake-elliott,gxy1mhbnz1p2nufkg8qz,1,0,1,0
2025,tackles,1285,Jermaine Eluemunor,jermaine-eluemunor,xqlquhcisz9ykfedvele,1,0,1,0
2025,tackles,1286,Zach Ertz,zach-ertz,xktmmeumuoglbuam75iz,1,0,1,0
2025,tackles,1287,Audric Estimé,audric-estime,lcoend1mysjfhl8f4rrt,1,0,1,0
2025,tackles,1288,Travis Etienne,travis-etienne,pwko5dybmjie8qqo4qz2,1,0,1,0
2025,tackles,1289,Ethan Evans,ethan-evans,by1ttgtdiqwd3a2pdbl5,1,0,1,0
2025,tackles,1290,Ka'imi Fairbairn,ka-imi-fairbairn,nbrs7doetqydf2rzhjjl,1,0,1,0
2025,tackles,1291,Harold Fannin Jr.,harold-fannin-jr,fxublmpnxx9uggsddwik,1,1,0,0
2025,tackles,1292,Princeton Fant,princeton-fant,dh67wj7xhek86nhyucig,1,1,0,0
2025,tackles,1293,Thomas Fidone II,thomas-fidone-ii,vbaqpkcxcfwh9dhzescy,1,0,1,0
2025,tackles,1294,Dallis Flowers,dallis-flowers,gzmnysc6ars1fshia3kt,1,0,1,0
2025,tackles,1295,Jerome Ford,jerome-ford,rntmoum7ncnyo5j2bdei,1,0,1,0
2025,tackles,1296,Zach Frazier,zach-frazier,fsycb8xgssegoyy1rrrv,1,0,1,0
2025,tackles,1297,Will Fries,will-fries,o1mom4lvhbd7yltnneyh,1,1,0,0
2025,tackles,1298,Taliese Fuaga,taliese-fuaga,syucyosjtbmjzwqjuemd,1,0,1,0
2025,tackles,1299,Dillon Gabriel,dillon-gabriel,szpyvusef9jvoctbnkbk,1,1,0,0
2025,tackles,1300,Oronde Gadsden II,oronde-gadsden-ii,r8b4oghjwhw8x9nv1wbs,1,1,0,0
2025,tackles,1301,Jon Gaines II,jon-gaines-ii,fz0ka8wofw3dvqr6whnv,1,0,1,0
2025,tackles,1302,Ali Gaye,ali-gaye,ctzqzcp9fu31oplmkvnx,1,0,1,0
2025,tackles,1303,Mike Gesicki,mike-gesicki,dykckg6we3cnw9yhpggi,1,0,1,0
2025,tackles,1304,Jamie Gillan,jamie-gillan,kxwddoiqqghc1kxaajco,1,0,1,0
2025,tackles,1305,Xavier Gipson,xavier-gipson,o81mvslx374ouca313mw,1,0,1,0
2025,tackles,1306,Graham Glasgow,graham-glasgow,mgmeks8iieefdbtk2zob,1,1,0,0
2025,tackles,1307,Matthew Golden,matthew-golden,dbjki6b0swksr7mk17wk,1,0,1,0
2025,tackles,1308,Jalen Graham,jalen-graham,yx3s8vah183b6x6jt8z8,1,1,0,0
2025,tackles,1309,Richie Grant,richie-grant,hzzmvmlmkqe6sn4g1d4j,1,0,1,0
2025,tackles,1310,A.J. Green,a-j-green-2,rnqbv20uhrx6lstzvmq7,1,0,1,0
2025,tackles,1311,Blake Grupe,blake-grupe,de3vz6xjjo9paba6encd,1,0,1,0
2025,tackles,1312,Damar Hamlin,damar-hamlin,k7mdv3garedeitxksnya,1,0,1,0
2025,tackles,1313,Omarion Hampton,omarion-hampton,lf2jxvxnbexlinoydbej,1,0,1,0
2025,tackles,1314,Josh Harris,josh-harris,zt5sauoxsfljsqyyc9u2,1,1,0,0
2025,tackles,1315,Jahfari Harvey,jahfari-harvey,wku1t52bulqtrb9sscw0,1,1,0,0
2025,tackles,1316,Malik Heath,malik-heath,gtvkkadrxfzlj1qxshhx,1,0,1,0
2025,tackles,1317,Jack Heflin,jack-heflin,vyvratpseoqy4rqej7fm,1,0,1,0
2025,tackles,1318,Gunnar Helm,gunnar-helm,hewm6ztgka7xkbl6ybvb,1,0,1,0
2025,tackles,1319,Derrick Henry,derrick-henry,tm79x0iknqg6hms3ypyt,1,0,1,0
2025,tackles,1320,Jayden Higgins,jayden-higgins,s3zuo0ysm9ncxr9o4420,1,0,1,0
2025,tackles,1321,T.J. Hockenson,t-j-hockenson,rs8o65x0u0n9xzde0fd6,1,0,1,0
2025,tackles,1322,Mack Hollins,mack-hollins,qbz7whjzsittudcecezw,1,0,1,0
2025,tackles,1323,Austin Hooper,austin-hooper,dd0j9ccd8fxokl48alzg,1,0,1,0
2025,tackles,1324,Chris Hubbard,chris-hubbard,tsgs1iyyfjxlfsletyss,1,1,0,0
2025,tackles,1325,Chuba Hubbard,chuba-hubbard,rzsvnt0pxsaize2ndhxm,1,0,1,0
2025,tackles,1326,Charley Hughlett,charley-hughlett,cowm2qllr7vpyktisnln,1,0,1,0
2025,tackles,1327,Kareem Hunt,kareem-hunt,hktvzf8hiupoycyg1kmc,1,0,1,0
2025,tackles,1328,Robert Hunt,robert-hunt-2,ra3z68izmkp21mgbr6a2,1,0,1,0
2025,tackles,1329,Maurice Hurst,maurice-hurst,j4y7trnt3kiptgfklo8o,1,1,0,0
2025,tackles,1330,Jonah Jackson,jonah-jackson,dd2w0xyfjzbj4ooxflls,1,0,1,0
2025,tackles,1331,Shedrick Jackson,shedrick-jackson,pimh65yyziduaq7vbmi5,1,0,1,0
2025,tackles,1332,DJ James,dj-james,rqkampxsl0ukgtcf0zoi,1,0,1,0
2025,tackles,1333,Ashton Jeanty,ashton-jeanty,syspis1mntov9kgspb7r,1,0,1,0
2025,tackles,1334,Teven Jenkins,teven-jenkins,i0oiehuaelpnrtrlfmfl,1,0,1,0
2025,tackles,1335,Jauan Jennings,jauan-jennings,ben8kbygzzlid6ltmdum,1,0,1,0
2025,tackles,1336,Jakob Johnson,jakob-johnson,awuzhbfuubbmxzxxdtsb,1,0,1,0
2025,tackles,1337,Lane Johnson,lane-johnson,xanvacjbb9x1hcslyvsl,1,0,1,0
2025,tackles,1338,Quentin Johnston,quentin-johnston,lyvsrjh4mjb4dqwp6shm,1,0,1,0
2025,tackles,1339,Kingsley Jonathan,kingsley-jonathan,ippwcl86bpdf0ztu1w10,1,1,0,0
2025,tackles,1340,Daniel Jones,daniel-jones-x5302,ohvvctuykzwrpqer7xgl,1,0,1,0
2025,tackles,1341,Mac Jones,mac-jones,mbdwfwiuhl0ib5ajtmzq,1,0,1,0
2025,tackles,1342,Tim Jones,tim-jones-3,rgthh35tnl9dbi7jshxv,1,1,0,0
2025,tackles,1343,Emery Jones Jr.,emery-jones-jr,bteu559usxxvvs2duvvv,1,0,1,0
2025,tackles,1344,Alvin Kamara,alvin-kamara,yxebpuskandivlh2iil4,1,0,1,0
2025,tackles,1345,Calijah Kancey,calijah-kancey,b84aoobgsdbufhfiqgti,1,0,1,0
2025,tackles,1346,Joshua Karty,joshua-karty,j51z79en8vs3qdgkvnn5,1,0,1,0
2025,tackles,1347,George Kittle,george-kittle,vkicdglglkyukgyxtmpx,1,0,1,0
2025,tackles,1348,Cole Kmet,cole-kmet,ysnui8mzlu2fo70ub0yt,1,1,0,0
2025,tackles,1349,Dawson Knox,dawson-knox,k8bi9ppahwfmoxs8ij4w,1,0,1,0
2025,tackles,1350,Cooper Kupp,cooper-kupp,kjixprihktsfog6wx9sq,1,0,1,0
2025,tackles,1351,CeeDee Lamb,ceedee-lamb,mbblzwtynxr15ovzkevi,1,0,1,0
2025,tackles,1352,Jaylin Lane,jaylin-lane,fa5ufxqxs3hzioih3cfb,1,0,1,0
2025,tackles,1353,Sam LaPorta,sam-laporta,wxlk7ysg2nfq6h6ntdcu,1,0,1,0
2025,tackles,1354,Carl Lawson,carl-lawson,fv6hftu35bcjuenhupde,1,1,0,0
2025,tackles,1355,Eku Leota,eku-leota,yj4vx0pliwqrimhyeiyw,1,1,0,0
2025,tackles,1356,KT Leveston,kt-leveston,ocrjwcpavgunq64dlcgj,1,0,1,0
2025,tackles,1357,Tyler Linderbaum,tyler-linderbaum,fh4i4wf9f4nslburymqu,1,0,1,0
2025,tackles,1358,Cam Little,cam-little,mc9goepr7mglrx6ek1fi,1,1,0,0
2025,tackles,1359,Jordan Love,jordan-love,thz8stjkbjwddxqnozi5,1,0,1,0
2025,tackles,1360,Colston Loveland,colston-loveland,cnxiyi76jeahgx94nh6d,1,0,1,0
2025,tackles,1361,T.J. Maguranyanga,t-j-maguranyanga,gzwkqtfyk6wukjkpil64,1,1,0,0
2025,tackles,1362,Patrick Mahomes,patrick-mahomes,wdckwtob1lybvkmxnf7p,1,0,1,0
2025,tackles,1363,Sam Martin,sam-martin,edhegnq9rbphynrogxzh,1,0,1,0
2025,tackles,1364,Tay Martin,tay-martin,ttdp5v9tl0zqmb0dmmuv,1,0,1,0
2025,tackles,1365,Jordan Mason,jordan-mason,qeeucinnxl8mpzaw23hc,1,1,0,0
2025,tackles,1366,Jake Matthews,jake-matthews,hoifz7uqrpjm5g2mlyaa,1,1,0,0
2025,tackles,1367,Ray-Ray McCloud,ray-ray-mccloud,nvwn3sdihyyd2itjt7vy,1,0,1,0
2025,tackles,1368,Ladd McConkey,ladd-mcconkey,q2sk7yforrkiusvruo1o,1,0,1,0
2025,tackles,1369,Liam McCullough,liam-mccullough,pwnde23o1r6jmi0kvwqk,1,1,0,0
2025,tackles,1370,Mike McGlinchey,mike-mcglinchey,fddsmma8dpk7kqufb6f1,1,0,1,0
2025,tackles,1371,Chase McLaughlin,chase-mclaughlin,enkzsuyzk232mbq5oe4w,1,1,0,0
2025,tackles,1372,Terry McLaurin,terry-mclaurin,tmfl2zruajmkrtcg4zxp,1,0,1,0
2025,tackles,1373,Jeremy McNichols,jeremy-mcnichols,xcrgrtlk6ukrshtlnr5e,1,0,1,0
2025,tackles,1374,Mac McWilliams,mac-mcwilliams,jhw6ibfy1x4ahomjbg3q,1,0,1,0
2025,tackles,1375,Quinn Meinerz,quinn-meinerz,e6erzvgu9dsqzec0gfpk,1,1,0,0
2025,tackles,1376,Patrick Mekari,patrick-mekari,zexcgdqu1lea3ecum5vl,1,1,0,0
2025,tackles,1377,John Metchie III,john-metchie,nsjpnskeldxzbzckpfgg,1,0,1,0
2025,tackles,1378,Jakobi Meyers,jakobi-meyers,zrs4ij8mvw7wr1uujwew,1,1,0,0
2025,tackles,1379,Jordan Mims,jordan-mims,nvamfcrdqvkwtnpgmzdh,1,0,1,0
2025,tackles,1380,Jonathan Mingo,jonathan-mingo,u2b8s2s0ix5hntyg3eog,1,1,0,0
2025,tackles,1381,Kobee Minor,kobee-minor,yvfkscl6izjkimkmhi1j,1,0,1,0
2025,tackles,1382,DJ Moore,d-j-moore,lsavpxtqoqu25emwcnvy,1,0,1,0
2025,tackles,1383,Dan Moore Jr.,dan-moore-jr,boxltktohmx9eqfrjr9c,1,0,1,0
2025,tackles,1384,Taylor Moton,taylor-moton,cstvf3qy5mqwd9nxa1sz,1,0,1,0
2025,tackles,1385,Nick Mullens,nick-mullens,haxwyajgngz6quuyqg19,1,1,0,0
2025,tackles,1386,Konata Mumpfield,konata-mumpfield,cehkowkvb4aujslmppbj,1,0,1,0
2025,tackles,1387,Johnny Mundt,johnny-mundt,gbsnomwbzavt5124vvaz,1,0,1,0
2025,tackles,1388,Haggai Ndubuisi,haggai-ndubuisi,vbfz5rjtowsm1h2yy4dl,1,1,0,0
2025,tackles,1389,Devin Neal,devin-neal,set0xwgpkp0k3bofcpzn,1,0,1,0
2025,tackles,1390,Ryan Neuzil,ryan-neuzil,xsnsake68lxw3hqilezf,1,1,0,0
2025,tackles,1391,Lew Nichols III,lew-nichols-iii,plqg1yngo8vvs8ths7aw,1,1,0,0
2025,tackles,1392,Joe Noteboom,joe-noteboom,dn3tttcun4lwo7dbwsbq,1,0,1,0
2025,tackles,1393,Chig Okonkwo,chigoziem-okonkwo,pzcez6pi9tpdqkmjjnzk,1,0,1,0
2025,tackles,1394,Chris Olave,chris-olave,onmxufsprtvglhejg94o,1,0,1,0
2025,tackles,1395,Bryce Oliver,bryce-oliver,bdsenkkodb8gbdvtivvr,1,0,1,0
2025,tackles,1396,Collin Oliver,collin-oliver,x4fwy10q9nxoupf37ggz,1,0,1,0
2025,tackles,1397,Josh Oliver,josh-oliver,awdb5xedlbq0ebpptgzb,1,0,1,0
2025,tackles,1398,Mike Onwenu,mike-onwenu,rysmeqmb2gtomqgl8jnb,1,0,1,0
2025,tackles,1399,Amani Oruwariye,amani-oruwariye,aqg1eu9fdnoqmaff8cb4,1,1,0,0
2025,tackles,1400,Josh Palmer,josh-palmer,woswdfrtxnsfgzsjvsxx,1,0,1,0
2025,tackles,1401,Colby Parkinson,colby-parkinson,qsyrgtfjj06wryahnxc9,1,0,1,0
2025,tackles,1402,Tim Patrick,tim-patrick,hw06t7n00cfpt7euljza,1,0,1,0
2025,tackles,1403,Ricky Pearsall,ricky-pearsall,rrv2qhkjqagb8ibzwakv,1,0,1,0
2025,tackles,1404,Clark Phillips III,clark-phillips-iii,vbeop7m7ptjwtlm3cgqh,1,0,1,0
2025,tackles,1405,Bradley Pinion,bradley-pinion,xx5dvt7efcoyiwbhrjrq,1,0,1,0
2025,tackles,1406,Anthony Pittman,anthony-pittman,eitmt82nhdoeyeemklmi,1,0,1,0
2025,tackles,1407,Michael Pittman,michael-pittman-2,q1ythn05kwcmdr4mwzll,1,0,1,0
2025,tackles,1408,Dominick Puni,dominick-puni,xwahfywaifoc9kaez6lk,1,0,1,0
2025,tackles,1409,Teagan Quitoriano,teagan-quitoriano,adwepaexueevxdcqjhyf,1,0,1,0
2025,tackles,1410,Dillon Radunz,dillon-radunz,uqswdzsnotrgk4ddg9bg,1,0,1,0
2025,tackles,1411,Spencer Rattler,spencer-rattler,gcgmcf4kex3jsl4rlrng,1,0,1,0
2025,tackles,1412,Josh Reynolds,josh-reynolds,lf1fjsagcsvxmktl0bbn,1,0,1,0
2025,tackles,1413,Sean Rhyan,sean-rhyan,mvgxrodidjbgfh5reaig,1,0,1,0
2025,tackles,1414,Patrick Ricard,patrick-ricard,nm7ezh46zd5bdxaxz6a9,1,0,1,0
2025,tackles,1415,Dalton Risner,dalton-risner,egrb3digghpyj13effdb,1,0,1,0
2025,tackles,1416,Jalen Rivers,jalen-rivers,nzqljh0uejitqvijarfw,1,1,0,0
2025,tackles,1417,Jammie Robinson,jammie-robinson,zixsq934w8yeksxuznvd,1,0,1,0
2025,tackles,1418,Wan'Dale Robinson,wan-dale-robinson,yzcvyhmilvxedfjfjglc,1,0,1,0
2025,tackles,1419,Jalen Royals,jalen-royals-2,sqrid1hnmwqymcp2vxfx,1,0,1,0
2025,tackles,1420,Hayden Rucci,hayden-rucci,vkscrzclmd0tboxpi8lk,1,1,0,0
2025,tackles,1421,Andre' Sam,andre-sam,ktamly004v1muokcnmc7,1,0,1,0
2025,tackles,1422,Drew Sample,drew-sample,mmxrr2k7gdfowqpyxtr7,1,1,0,0
2025,tackles,1423,Curtis Samuel,curtis-samuel,vyibrxegz375ntjby5zs,1,0,1,0
2025,tackles,1424,Shedeur Sanders,shedeur-sanders,joe08hz6to2madpko8zl,1,1,0,0
2025,tackles,1425,Jonah Savaiinaea,jonah-savaiinaea,va8dirlxszzh3ufmfiti,1,0,1,0
2025,tackles,1426,Trey Sermon,trey-sermon,eqhl3xiczodsyqlmsxvr,1,1,0,0
2025,tackles,1427,Rashid Shaheed,rashid-shaheed,ku2naisfbxmzgagxojnm,1,0,1,0
2025,tackles,1428,Kendall Sheffield,kendall-sheffield,ukj6kbovqjqrinpgeysa,1,0,1,0
2025,tackles,1429,Jamie Sheriff,jamie-sheriff,f9uictgyzz37rjcnjzkd,1,0,1,0
2025,tackles,1430,Tyler Shough,tyler-shough,toiafc7qighw86geo7jf,1,0,1,0
2025,tackles,1431,Trent Sieg,trent-sieg,ikhujd70ky9ymcrvpjm5,1,0,1,0
2025,tackles,1432,Josh Simmons,josh-simmons-2,r2dq0mc7dzhf0spg9iw6,1,0,1,0
2025,tackles,1433,Devin Singletary,devin-singletary,xy2r2msxjqneml2c1cdc,1,0,1,0
2025,tackles,1434,Jackson Sirmon,jackson-sirmon,zyqgfn5klopemn3prpwc,1,0,1,0
2025,tackles,1435,JuJu Smith-Schuster,juju-smith-schuster,fmjrhk2zt9z22uifctv0,1,0,1,0
2025,tackles,1436,Durham Smythe,durham-smythe,pwcuy1ntmris98x8xmxi,1,0,1,0
2025,tackles,1437,Tyjae Spears,tyjae-spears,pkly3nkohty1tuijtwty,1,0,1,0
2025,tackles,1438,Matthew Stafford,matthew-stafford,jwpkjfrkzufdyh8u1mg7,1,0,1,0
2025,tackles,1439,Ronnie Stanley,ronnie-stanley,j91t0jvkrdhfmeoeeryr,1,0,1,0
2025,tackles,1440,Aaron Stinnie,aaron-stinnie,fi5wxfsa59aw80nwetoi,1,0,1,0
2025,tackles,1441,Chris Stoll,chris-stoll,oyqbh2n0msfbnzqvzfpu,1,1,0,0
2025,tackles,1442,Jordan Stout,jordan-stout,eeftrwsh0aigc7r22goy,1,0,1,0
2025,tackles,1443,Brenton Strange,brenton-strange,devxzxwf1sfficgncggm,1,1,0,0
2025,tackles,1444,Cole Strange,cole-strange,ewuzloizbacphcy6yogg,1,0,1,0
2025,tackles,1445,Ty Summers,ty-summers,gx55memu9ifriore7bzy,1,1,0,0
2025,tackles,1446,Bradyn Swinson,bradyn-swinson,p1o2oozwlyzyuaomskb9,1,0,1,0
2025,tackles,1447,Taki Taimani,taki-taimani,xezoml4ot45e6lgvncal,1,1,0,0
2025,tackles,1448,Jonathan Taylor,jonathan-taylor,yw46ky6akdm7h7siofu8,1,0,1,0
2025,tackles,1449,Tory Taylor,tory-taylor,fvmwdsbi4nkpw9hfm4qj,1,0,1,0
2025,tackles,1450,Ian Thomas,ian-thomas,gvpwnq0mjefjlekgzxro,1,1,0,0
2025,tackles,1451,Trevian Thomas,trevian-thomas,ldmirlh7kh1rt4ezqgdo,1,1,0,0
2025,tackles,1452,Brian Thomas Jr.,brian-thomas-jr,plnekkriys4cm11rnxwl,1,0,1,0
2025,tackles,1453,Tyquan Thornton,tyquan-thornton,bjqzuempyiwxe0hl7e5a,1,0,1,0
2025,tackles,1454,Dont'e Thornton Jr.,dont-e-thornton-jr,hlxztd3lpjaxtzojuxwh,1,0,1,0
2025,tackles,1455,Cedric Tillman,cedric-tillman-2,xust9v3gob1qqwhziugh,1,0,1,0
2025,tackles,1456,Zach Bako-Bewele,zach-tom,rciezth8ldzcpq7yqbde,1,0,1,0
2025,tackles,1457,Laken Tomlinson,laken-tomlinson,thhrfc9q38r0m1qvfctv,1,0,1,0
2025,tackles,1458,Robert Tonyan,robert-tonyan,m8h8rzmxq4sjywitqnyb,1,0,1,0
2025,tackles,1459,Adam Trautman,adam-trautman,bqsgkwkfolczyrxmdp1j,1,1,0,0
2025,tackles,1460,Marlon Tuipulotu,marlon-tuipulotu,ho9eokvcqvge4qdld2ie,1,1,0,0
2025,tackles,1461,Delarrin Turner-Yell,delarrin-turner-yell,p3ngd3m6wcijmxglj06j,1,1,0,0
2025,tackles,1462,KaVontae Turpin,kavontae-turpin,tayjlp1hgmm6rewgl1k4,1,0,1,0
2025,tackles,1463,Bhayshul Tuten,bhayshul-tuten,ryjnphuyjbedmgpx5qqj,1,0,1,0
2025,tackles,1464,Devaughn Vele,devaughn-vele,fa3dwsu8nxzkbf2knczm,1,0,1,0
2025,tackles,1465,Alex Ward,alex-ward,libjdgzvuq7q57noway9,1,1,0,0
2025,tackles,1466,Tyler Warren,tyler-warren,f1mfwwrr3qvnxuiackgq,1,0,1,0
2025,tackles,1467,Tahj Washington,tahj-washington,voyr5ajdxwydmp6cc1bw,1,1,0,0
2025,tackles,1468,Christian Watson,christian-watson,tumeg4d32sirkab2xzu5,1,0,1,0
2025,tackles,1469,Justin Watson,justin-watson,qupxjfqxueke4sgmlrk3,1,1,0,0
2025,tackles,1470,Luke Wattenberg,luke-wattenberg,auqegcdovmpcz6pw5arq,1,1,0,0
2025,tackles,1471,Jack Westover,jack-westover,zpo5vbntn8b9hih2fi66,1,0,1,0
2025,tackles,1472,Dontayvion Wicks,dontayvion-wicks,v1lt8kpvkn0qw5elyaoz,1,0,1,0
2025,tackles,1473,Jared Wiley,jared-wiley,qbu14rgh4wchepqsrgb0,1,0,1,0
2025,tackles,1474,Jonah Williams,jonah-williams,ton1hb2fidrdk6zv8erf,1,0,1,0
2025,tackles,1475,Caleb Williams,caleb-williams,h4qs11kutwiw7whekmyt,1,0,1,0
2025,tackles,1476,Jameson Williams,jameson-williams,byiptqggtglvy5qrw5wp,1,0,1,0
2025,tackles,1477,Javonte Williams,javonte-williams,xvwroirev2kie6oiphtz,1,0,1,0
2025,tackles,1478,Savion Williams,savion-williams,snmedlu4ra62snufe1qg,1,1,0,0
2025,tackles,1479,Emanuel Wilson,emanuel-wilson,uorruvczsxzvffpbxu8z,1,0,1,0
2025,tackles,1480,Garrett Wilson,garrett-wilson,upxwxmhdd8xluztgqwhe,1,0,1,0
2025,tackles,1481,Roman Wilson,roman-wilson,xuhjoscmhmmsutbvfmrs,1,0,1,0
2025,tackles,1482,Mitch Wishnowsky,mitch-wishnowsky,kjifuyh2rm6dygczcv4f,1,0,1,0
2025,tackles,1483,Xavier Worthy,xavier-worthy,u6fmnffwteccoxn3uguq,1,0,1,0
2025,tackles,1484,Kevin Zeitler,kevin-zeitler,nfb14plexvixmjo0p5ye,1,0,1,0
2025,tackles,1485,Shane Zylstra,shane-zylstra,jxq0fpgw6dzavqabgl1j,1,0,1,0
